{
  "f8e6b000-5643-4b86-9080-aa680ce1f599": {
    "asset": 1520938021000,
    "meta": 1520938021000,
    "relativePath": "image"
  },
  "71561142-4c83-4933-afca-cb7a17f67053": {
    "asset": 1520938021000,
    "meta": 1523845326000,
    "relativePath": "image/default_btn_disabled.png"
  },
  "e851e89b-faa2-4484-bea6-5c01dd9f06e2": {
    "asset": 1520938021000,
    "meta": 1523845326000,
    "relativePath": "image/default_btn_normal.png"
  },
  "d81ec8ad-247c-4e62-aa3c-d35c4193c7af": {
    "asset": 1520938021000,
    "meta": 1523845326000,
    "relativePath": "image/default_panel.png"
  },
  "b43ff3c2-02bb-4874-81f7-f2dea6970f18": {
    "asset": 1520938021000,
    "meta": 1523845326000,
    "relativePath": "image/default_btn_pressed.png"
  },
  "99170b0b-d210-46f1-b213-7d9e3f23098a": {
    "asset": 1520938021000,
    "meta": 1523845326000,
    "relativePath": "image/default_progressbar_bg.png"
  },
  "cfef78f1-c8df-49b7-8ed0-4c953ace2621": {
    "asset": 1520938021000,
    "meta": 1523845326000,
    "relativePath": "image/default_progressbar.png"
  },
  "567dcd80-8bf4-4535-8a5a-313f1caf078a": {
    "asset": 1520938021000,
    "meta": 1523845326000,
    "relativePath": "image/default_radio_button_off.png"
  },
  "9d60001f-b5f4-4726-a629-2659e3ded0b8": {
    "asset": 1520938021000,
    "meta": 1523845326000,
    "relativePath": "image/default_radio_button_on.png"
  },
  "4bab67cb-18e6-4099-b840-355f0473f890": {
    "asset": 1520938021000,
    "meta": 1523845326000,
    "relativePath": "image/default_scrollbar_bg.png"
  },
  "617323dd-11f4-4dd3-8eec-0caf6b3b45b9": {
    "asset": 1520938021000,
    "meta": 1523845326000,
    "relativePath": "image/default_scrollbar_vertical_bg.png"
  },
  "d6d3ca85-4681-47c1-b5dd-d036a9d39ea2": {
    "asset": 1520938021000,
    "meta": 1523845326000,
    "relativePath": "image/default_scrollbar_vertical.png"
  },
  "0291c134-b3da-4098-b7b5-e397edbe947f": {
    "asset": 1520938021000,
    "meta": 1523845326000,
    "relativePath": "image/default_scrollbar.png"
  },
  "0275e94c-56a7-410f-bd1a-fc7483f7d14a": {
    "asset": 1520938021000,
    "meta": 1523845326000,
    "relativePath": "image/default_sprite_splash.png"
  },
  "6e056173-d285-473c-b206-40a7fff5386e": {
    "asset": 1520938021000,
    "meta": 1523845326000,
    "relativePath": "image/default_sprite.png"
  },
  "73a0903d-d80e-4e3c-aa67-f999543c08f5": {
    "asset": 1520938021000,
    "meta": 1523845326000,
    "relativePath": "image/default_toggle_checkmark.png"
  },
  "c25b9d50-c8fc-4d27-beeb-6e7c1f2e5c0f": {
    "asset": 1520938021000,
    "meta": 1523845326000,
    "relativePath": "image/default_toggle_disabled.png"
  },
  "d29077ba-1627-4a72-9579-7b56a235340c": {
    "asset": 1520938021000,
    "meta": 1523845326000,
    "relativePath": "image/default_toggle_normal.png"
  },
  "fc09f9bd-2cce-4605-b630-8145ef809ed6": {
    "asset": 1520938021000,
    "meta": 1520938021000,
    "relativePath": "misc"
  },
  "2be36297-9abb-4fee-8049-9ed5e271da8a": {
    "asset": 1520938021000,
    "meta": 1520938021000,
    "relativePath": "misc/default_video.mp4"
  },
  "f6e6dd15-71d1-4ffe-ace7-24fd39942c05": {
    "asset": 1520938021000,
    "meta": 1520938021000,
    "relativePath": "obsolete"
  },
  "b8223619-7e38-47c4-841f-9160c232495a": {
    "asset": 1520938021000,
    "meta": 1520938021000,
    "relativePath": "obsolete/atom.plist"
  },
  "f743d2b6-b7ea-4c14-a55b-547ed4d0a045": {
    "asset": 1520938021000,
    "meta": 1520938021000,
    "relativePath": "particle"
  },
  "b181c1e4-0a72-4a91-bfb0-ae6f36ca60bd": {
    "asset": 1520938021000,
    "meta": 1523845326000,
    "relativePath": "image/default_toggle_pressed.png"
  },
  "b2687ac4-099e-403c-a192-ff477686f4f5": {
    "asset": 1520938021000,
    "meta": 1520938021000,
    "relativePath": "particle/atom.plist"
  },
  "ae6c6c98-11e4-452f-8758-75f5c6a56e83": {
    "asset": 1520938021000,
    "meta": 1520938021000,
    "relativePath": "prefab"
  },
  "972b9a4d-47ee-4c74-b5c3-61d8a69bc29f": {
    "asset": 1520938021000,
    "meta": 1523845326000,
    "relativePath": "prefab/button.prefab"
  },
  "2c937608-2562-40ea-b264-7395df6f0cea": {
    "asset": 1520938021000,
    "meta": 1523845326000,
    "relativePath": "prefab/canvas.prefab"
  },
  "61aeb05b-3b32-452b-8eed-2b76deeed554": {
    "asset": 1520938021000,
    "meta": 1523845326000,
    "relativePath": "prefab/editbox.prefab"
  },
  "27756ebb-3d33-44b0-9b96-e858fadd4dd4": {
    "asset": 1520938021000,
    "meta": 1523845326000,
    "relativePath": "prefab/label.prefab"
  },
  "785a442c-3ceb-45be-a46e-7317f625f3b9": {
    "asset": 1520938021000,
    "meta": 1523845326000,
    "relativePath": "prefab/layout.prefab"
  },
  "ca8401fe-ad6e-41a8-bd46-8e3e4e9945be": {
    "asset": 1520938021000,
    "meta": 1523845326000,
    "relativePath": "prefab/pageview.prefab"
  },
  "cd33edea-55f5-46c2-958d-357a01384a36": {
    "asset": 1520938021000,
    "meta": 1523845326000,
    "relativePath": "prefab/particlesystem.prefab"
  },
  "5965ffac-69da-4b55-bcde-9225d0613c28": {
    "asset": 1520938021000,
    "meta": 1523845326000,
    "relativePath": "prefab/progressBar.prefab"
  },
  "4a37dd57-78cd-4cec-aad4-f11a73d12b63": {
    "asset": 1520938021000,
    "meta": 1523845326000,
    "relativePath": "prefab/richtext.prefab"
  },
  "32044bd2-481f-4cf1-a656-e2b2fb1594eb": {
    "asset": 1520938021000,
    "meta": 1523845326000,
    "relativePath": "prefab/scrollview.prefab"
  },
  "0004d1cf-a0ad-47d8-ab17-34d3db9d35a3": {
    "asset": 1520938021000,
    "meta": 1523845326000,
    "relativePath": "prefab/slider.prefab"
  },
  "1f55e3be-b89b-4b79-88de-47fd31018044": {
    "asset": 1520938021000,
    "meta": 1523845326000,
    "relativePath": "prefab/sprite_splash.prefab"
  },
  "96083d03-c332-4a3f-9386-d03e2d19e8ee": {
    "asset": 1520938021000,
    "meta": 1523845326000,
    "relativePath": "prefab/sprite.prefab"
  },
  "7de03a80-4457-438d-95a7-3e7cdffd6086": {
    "asset": 1520938021000,
    "meta": 1523845326000,
    "relativePath": "prefab/tiledmap.prefab"
  },
  "0d784963-d024-4ea6-a7db-03be0ad63010": {
    "asset": 1520938021000,
    "meta": 1523845326000,
    "relativePath": "prefab/toggle.prefab"
  },
  "bf0a434c-84dd-4a8e-a08a-7a36f180cc75": {
    "asset": 1520938021000,
    "meta": 1523845326000,
    "relativePath": "prefab/toggleContainer.prefab"
  },
  "d1b8be49-b0a0-435c-83b7-552bed4bbe35": {
    "asset": 1520938021000,
    "meta": 1523845326000,
    "relativePath": "prefab/toggleGroup.prefab"
  },
  "232d2782-c4bd-4bb4-9e01-909f03d6d3b9": {
    "asset": 1520938021000,
    "meta": 1523845326000,
    "relativePath": "prefab/videoplayer.prefab"
  },
  "8c5001fd-07ee-4a4b-a8a0-63e15195e94d": {
    "asset": 1520938021000,
    "meta": 1523845326000,
    "relativePath": "prefab/webview.prefab"
  },
  "0857d5e1-e5b1-48e2-80d6-5059f694276a": {
    "asset": 1523606733000,
    "meta": 1476929487000,
    "relativePath": "audio"
  },
  "dc194f1a-c8a5-46ca-aaf9-f03b70974af5": {
    "asset": 1476929487000,
    "meta": 1522651313000,
    "relativePath": "audio/jump.mp3"
  },
  "55d110b9-bab6-4d9d-9416-03e46904fa35": {
    "asset": 1476929487000,
    "meta": 1522651313000,
    "relativePath": "audio/score.mp3"
  },
  "977cfe9b-21c7-498e-b060-541800511a8b": {
    "asset": 1476929487000,
    "meta": 1522651313000,
    "relativePath": "mikado_outline_shadow.fnt"
  },
  "d6ff10bc-4d58-4d63-8af4-19151a90da2c": {
    "asset": 1523606733000,
    "meta": 1476929487000,
    "relativePath": "textures"
  },
  "0af33f8b-4512-452f-8ffa-e0175cee767c": {
    "asset": 1476929487000,
    "meta": 1522651313000,
    "relativePath": "textures/background.jpg"
  },
  "f3779477-7dbf-4751-902f-985973720152": {
    "asset": 1476929487000,
    "meta": 1522651313000,
    "relativePath": "mikado_outline_shadow.png"
  },
  "2e632b17-220c-41b7-8b8a-f450a260eea6": {
    "asset": 1476929487000,
    "meta": 1522651313000,
    "relativePath": "textures/btn_play.png"
  },
  "3ed9483a-d37d-4699-8762-939910c3e127": {
    "asset": 1476929487000,
    "meta": 1522651313000,
    "relativePath": "textures/ground.png"
  },
  "c6b5fd13-6a7f-4187-8716-1189e5d13c27": {
    "asset": 1476929487000,
    "meta": 1522651313000,
    "relativePath": "textures/PurpleMonster.png"
  },
  "80c7b1e7-1df7-4fc7-94e5-c530738420ed": {
    "asset": 1476929487000,
    "meta": 1522651313000,
    "relativePath": "textures/star.png"
  },
  "ccf7ac82-f75f-446a-b7bc-249d4a878bc9": {
    "asset": 1523604664000,
    "meta": 1522651638000,
    "relativePath": "scripts"
  },
  "04228acb-1b2a-43ac-ad6e-0a9c27d6ae62": {
    "asset": 1523607713000,
    "meta": 1522653130000,
    "relativePath": "prefab"
  },
  "716d4269-1043-4444-8f67-bb3a90abc575": {
    "asset": 1522653135000,
    "meta": 1522653135000,
    "relativePath": "prefab/star.prefab"
  },
  "0396d35b-ef96-45d9-9333-65d1dd26a1b3": {
    "asset": 1522658304000,
    "meta": 1522658304000,
    "relativePath": "scene/Scene01.fire"
  },
  "8aa335d1-5482-45ba-b5b1-fd83e83d4512": {
    "asset": 1522655591000,
    "meta": 1522655597000,
    "relativePath": "scripts/Star.js"
  },
  "fdaff285-f1e1-4e21-9831-5b640deda609": {
    "asset": 1522655889000,
    "meta": 1523604664000,
    "relativePath": "scripts/HelloGame.js"
  },
  "6cf62977-da9e-431e-8e17-ed1f01d8e146": {
    "asset": 1522658242000,
    "meta": 1522658244000,
    "relativePath": "scripts/Player.js"
  },
  "34d55d3f-039d-42cd-882f-f4e5ed965ff6": {
    "asset": 1523959436000,
    "meta": 1523959436000,
    "relativePath": "scene/Lobby.fire"
  },
  "89f99b98-3fba-4add-bdc9-3d868e0c0d58": {
    "asset": 1523937737000,
    "meta": 1523937737000,
    "relativePath": "scene/Room.fire"
  },
  "c85a8521-20c4-4d60-9ab8-caf4114b9877": {
    "asset": 1522748476000,
    "meta": 1522748123000,
    "relativePath": "prefab/Room"
  },
  "b0bc94e7-706b-4a4e-bf85-fc5776663754": {
    "asset": 1522748495000,
    "meta": 1522748137000,
    "relativePath": "scripts/Room"
  },
  "7cf18a62-c711-41af-ba3f-2612a70b8785": {
    "asset": 1522805170000,
    "meta": 1522805170000,
    "relativePath": "prefab/Room/PlayerItem.prefab"
  },
  "a0ecb670-c940-4f77-8100-97ef5672803c": {
    "asset": 1522748745000,
    "meta": 1522748814000,
    "relativePath": "scripts/Room/PlayerItem.js"
  },
  "8815470c-7d08-4896-a988-e021e2df35c7": {
    "asset": 1522810094000,
    "meta": 1522810419000,
    "relativePath": "bmobgamesdk"
  },
  "8beffe02-9645-49c7-b5e3-0f284db6beb0": {
    "asset": 1523952671000,
    "meta": 1523952671000,
    "relativePath": "scene/Game.fire"
  },
  "d358dc01-1b95-49ac-91e6-0ce43dd717e6": {
    "asset": 1522810546000,
    "meta": 1522651450000,
    "relativePath": "scene"
  },
  "5474a196-0248-4851-b7bc-66f8bf5b5a00": {
    "asset": 1523610418000,
    "meta": 1523604652000,
    "relativePath": "scripts/Game"
  },
  "e8b72dbf-cf62-478b-a054-323949d02cd2": {
    "asset": 1409353989000,
    "meta": 1523606733000,
    "relativePath": "audio/explosion_asteroid.wav"
  },
  "00095596-d6c8-44be-a937-c5ee8ff4e5ba": {
    "asset": 1409354002000,
    "meta": 1523606733000,
    "relativePath": "audio/explosion_enemy.wav"
  },
  "17dc63b7-7ba3-41c8-af88-89370b1148d2": {
    "asset": 1409354003000,
    "meta": 1523606733000,
    "relativePath": "audio/explosion_player.wav"
  },
  "81640b33-ed7e-4ebc-a63c-50c16f596569": {
    "asset": 1409354001000,
    "meta": 1523606733000,
    "relativePath": "audio/weapon_enemy.wav"
  },
  "ae3f5f73-4447-4c08-9d64-d654cef89645": {
    "asset": 1409354001000,
    "meta": 1523606733000,
    "relativePath": "audio/weapon_player.wav"
  },
  "01dd9296-ca25-4403-8a46-6151e2b62290": {
    "asset": 1523606733000,
    "meta": 1523606733000,
    "relativePath": "textures/enemies"
  },
  "fd74737f-88df-41a8-ab12-89f8b35528c4": {
    "asset": 1409353975000,
    "meta": 1523606734000,
    "relativePath": "textures/enemies/bot0.png"
  },
  "01ab4c61-ca56-4086-b8fe-1fb713bd47bb": {
    "asset": 1409353965000,
    "meta": 1523606734000,
    "relativePath": "textures/enemies/bot1.png"
  },
  "d5da6d25-ba3a-4c4c-a23b-8eaf5cfcf0ae": {
    "asset": 1409353995000,
    "meta": 1523606734000,
    "relativePath": "textures/enemies/bot3.png"
  },
  "6c2935b5-2ad3-45db-8bbe-37d30490a4a7": {
    "asset": 1409353983000,
    "meta": 1523606734000,
    "relativePath": "textures/enemies/bot2.png"
  },
  "10c40695-4a4c-478d-96fe-e3f33cbe7b21": {
    "asset": 1522374808000,
    "meta": 1523606734000,
    "relativePath": "textures/enemies/player.png"
  },
  "8e5099fa-650a-47a9-ad7c-e3ba263af8a4": {
    "asset": 1523606733000,
    "meta": 1523606733000,
    "relativePath": "textures/friends"
  },
  "1c36de36-dc16-4b2d-ac69-32f75a2ddc57": {
    "asset": 1409354005000,
    "meta": 1523606734000,
    "relativePath": "textures/enemies/fire.png"
  },
  "e2c36639-7b35-48f5-8dc3-b102936d33c2": {
    "asset": 1522374847000,
    "meta": 1523606734000,
    "relativePath": "textures/friends/bot0.png"
  },
  "1c5b0e37-e8d0-4ec5-a381-0eefd79d8c8b": {
    "asset": 1522374839000,
    "meta": 1523606734000,
    "relativePath": "textures/friends/bot1.png"
  },
  "43f61d6c-3833-45c3-a34a-8a186f10797f": {
    "asset": 1522374842000,
    "meta": 1523606734000,
    "relativePath": "textures/friends/bot2.png"
  },
  "d97a3df5-a6b3-4bcb-bbdf-9cfe28e337df": {
    "asset": 1522374844000,
    "meta": 1523606734000,
    "relativePath": "textures/friends/bot3.png"
  },
  "89cbe431-b4c7-4e75-b5ec-e297c1367dc3": {
    "asset": 1409353988000,
    "meta": 1523606734000,
    "relativePath": "textures/friends/fire.png"
  },
  "71c9163b-c193-441c-ae89-21cfca841125": {
    "asset": 1409353965000,
    "meta": 1523606734000,
    "relativePath": "textures/friends/player.png"
  },
  "70b9207b-c64f-4e83-bd4e-c69d6228da9d": {
    "asset": 1514968388000,
    "meta": 1523606734000,
    "relativePath": "textures/rocker_c.png"
  },
  "e035263c-8400-4608-bdf9-69f9d521a0cd": {
    "asset": 1514968392000,
    "meta": 1523606734000,
    "relativePath": "textures/rocker_r.png"
  },
  "34747ab7-011a-423b-8b9b-bd9b6d5de03c": {
    "asset": 1523607848000,
    "meta": 1523607711000,
    "relativePath": "prefab/Game"
  },
  "9531563b-c9f8-4935-b14b-c75dc1f28a8f": {
    "asset": 1523607893000,
    "meta": 1523607727000,
    "relativePath": "prefab/Game/Friend"
  },
  "803c5f0d-dfca-4358-b326-a7c4bbc0272a": {
    "asset": 1523609751000,
    "meta": 1523607743000,
    "relativePath": "prefab/Game/Enemy"
  },
  "42208f7b-6802-4b61-a78b-b458b699ca6d": {
    "asset": 1523952549000,
    "meta": 1523952549000,
    "relativePath": "prefab/Game/mainplayer.prefab"
  },
  "d4b809db-36e7-4aff-b83c-42b525afc45a": {
    "asset": 1523952573000,
    "meta": 1523952573000,
    "relativePath": "prefab/Game/friend_fire.prefab"
  },
  "c30f477f-9579-4342-a756-7ecfe75e133a": {
    "asset": 1523952590000,
    "meta": 1523952590000,
    "relativePath": "prefab/Game/enemy_fire.prefab"
  },
  "f1c1da74-cc35-4750-b5ee-ddd0529980df": {
    "asset": 1523952556000,
    "meta": 1523952556000,
    "relativePath": "prefab/Game/Friend/bot0.prefab"
  },
  "b27d6d0c-eb27-4f06-ac17-8e7deed3d573": {
    "asset": 1523952560000,
    "meta": 1523952560000,
    "relativePath": "prefab/Game/Friend/bot1.prefab"
  },
  "00ddc8e8-6159-4c5f-b6bb-24a827a70d23": {
    "asset": 1523952567000,
    "meta": 1523952567000,
    "relativePath": "prefab/Game/Friend/bot2.prefab"
  },
  "c72d35ea-b778-4307-93dd-b774da166594": {
    "asset": 1523952570000,
    "meta": 1523952570000,
    "relativePath": "prefab/Game/Friend/bot3.prefab"
  },
  "e96529c2-22d0-4675-841a-ca0b343467df": {
    "asset": 1523952576000,
    "meta": 1523952576000,
    "relativePath": "prefab/Game/Friend/player.prefab"
  },
  "2126c0dd-7188-4645-a40d-f1d8a0289c70": {
    "asset": 1523952579000,
    "meta": 1523952579000,
    "relativePath": "prefab/Game/Enemy/bot0.prefab"
  },
  "9cd3eae2-967c-48f0-b273-5b9ba322b79c": {
    "asset": 1523952582000,
    "meta": 1523952582000,
    "relativePath": "prefab/Game/Enemy/bot1.prefab"
  },
  "0c36427b-bd1d-41b2-b32e-3bf5321e4e7f": {
    "asset": 1523952585000,
    "meta": 1523952585000,
    "relativePath": "prefab/Game/Enemy/bot2.prefab"
  },
  "560bf841-5d5d-4f5d-86e8-0c26dfbf13e4": {
    "asset": 1523952588000,
    "meta": 1523952588000,
    "relativePath": "prefab/Game/Enemy/bot3.prefab"
  },
  "c881d7fe-8c99-4a58-951c-f27ee4b7604f": {
    "asset": 1523952596000,
    "meta": 1523952596000,
    "relativePath": "prefab/Game/Enemy/player.prefab"
  },
  "b20f3483-d3f2-4445-974e-ef81bdfb630c": {
    "asset": 1523862762000,
    "meta": 1523862778000,
    "relativePath": "scripts/Game/MovableObj.js"
  },
  "820b88a0-21c5-4102-bc86-8c9935b45fa1": {
    "asset": 1523869750000,
    "meta": 1523869752000,
    "relativePath": "scripts/Game/Rocker.js"
  },
  "e5d4a5ae-5708-4dcc-843d-173802dbf46f": {
    "asset": 1523945148000,
    "meta": 1523945154000,
    "relativePath": "scripts/Game/game_wx.js"
  },
  "8fe4fa92-5e47-4d2d-9f2a-97584bef477a": {
    "asset": 1523945499000,
    "meta": 1523945500000,
    "relativePath": "scripts/ZwrCocosUtil.js"
  },
  "d3c7c2d8-8fa1-4447-ac7c-9cbad206dacf": {
    "asset": 1523951840000,
    "meta": 1523951844000,
    "relativePath": "bmobgamesdk/bgsapi.js"
  },
  "fb57cadf-d0b4-43d7-8972-de831d704b44": {
    "asset": 1523952666000,
    "meta": 1523952667000,
    "relativePath": "scripts/Game/Fire.js"
  },
  "b2a39cb2-9eeb-4dc4-bc34-43be8fa40837": {
    "asset": 1523952908000,
    "meta": 1523952911000,
    "relativePath": "scripts/Game/MainPlayer.js"
  },
  "43a1c927-d27d-40de-bded-2ad0e759cfd2": {
    "asset": 1523953117000,
    "meta": 1523953120000,
    "relativePath": "scripts/Game/OtherPlayer.js"
  },
  "a8c2d7b2-c3b4-4f77-b133-538651d87f03": {
    "asset": 1523953640000,
    "meta": 1523953645000,
    "relativePath": "scripts/Game/Bot.js"
  },
  "48e61fe9-fe31-4fbd-9b9e-d1e4831c02ad": {
    "asset": 1523953543000,
    "meta": 1523953645000,
    "relativePath": "scripts/Game/Game.js"
  },
  "7458e55b-d714-4dc7-b714-b2ade3a0722b": {
    "asset": 1523959246000,
    "meta": 1523959429000,
    "relativePath": "scripts/BgsDemo_Lobby.js"
  },
  "65d0c196-ac1b-46a9-95cc-c12fe415c538": {
    "asset": 1523960348000,
    "meta": 1523960351000,
    "relativePath": "scripts/Room/Room.js"
  }
}