{
  "item-states": [
    {
      "folded": false,
      "id": "mount-assets"
    },
    {
      "folded": false,
      "id": "d358dc01-1b95-49ac-91e6-0ce43dd717e6"
    },
    {
      "folded": false,
      "id": "0857d5e1-e5b1-48e2-80d6-5059f694276a"
    },
    {
      "folded": false,
      "id": "04228acb-1b2a-43ac-ad6e-0a9c27d6ae62"
    },
    {
      "folded": false,
      "id": "ccf7ac82-f75f-446a-b7bc-249d4a878bc9"
    },
    {
      "folded": false,
      "id": "d6ff10bc-4d58-4d63-8af4-19151a90da2c"
    },
    {
      "folded": true,
      "id": "34747ab7-011a-423b-8b9b-bd9b6d5de03c"
    },
    {
      "folded": true,
      "id": "c85a8521-20c4-4d60-9ab8-caf4114b9877"
    },
    {
      "folded": true,
      "id": "8815470c-7d08-4896-a988-e021e2df35c7"
    },
    {
      "folded": false,
      "id": "5474a196-0248-4851-b7bc-66f8bf5b5a00"
    },
    {
      "folded": false,
      "id": "b0bc94e7-706b-4a4e-bf85-fc5776663754"
    },
    {
      "folded": false,
      "id": "01dd9296-ca25-4403-8a46-6151e2b62290"
    },
    {
      "folded": true,
      "id": "8e5099fa-650a-47a9-ad7c-e3ba263af8a4"
    },
    {
      "folded": true,
      "id": "80c7b1e7-1df7-4fc7-94e5-c530738420ed"
    },
    {
      "folded": true,
      "id": "803c5f0d-dfca-4358-b326-a7c4bbc0272a"
    },
    {
      "folded": true,
      "id": "9531563b-c9f8-4935-b14b-c75dc1f28a8f"
    },
    {
      "folded": true,
      "id": "3ed9483a-d37d-4699-8762-939910c3e127"
    },
    {
      "folded": true,
      "id": "2e632b17-220c-41b7-8b8a-f450a260eea6"
    },
    {
      "folded": true,
      "id": "70b9207b-c64f-4e83-bd4e-c69d6228da9d"
    },
    {
      "folded": true,
      "id": "e035263c-8400-4608-bdf9-69f9d521a0cd"
    },
    {
      "folded": true,
      "id": "0af33f8b-4512-452f-8ffa-e0175cee767c"
    },
    {
      "folded": true,
      "id": "89cbe431-b4c7-4e75-b5ec-e297c1367dc3"
    },
    {
      "folded": true,
      "id": "d97a3df5-a6b3-4bcb-bbdf-9cfe28e337df"
    },
    {
      "folded": true,
      "id": "43f61d6c-3833-45c3-a34a-8a186f10797f"
    },
    {
      "folded": true,
      "id": "1c5b0e37-e8d0-4ec5-a381-0eefd79d8c8b"
    },
    {
      "folded": true,
      "id": "e2c36639-7b35-48f5-8dc3-b102936d33c2"
    },
    {
      "folded": true,
      "id": "f3779477-7dbf-4751-902f-985973720152"
    },
    {
      "folded": true,
      "id": "fd74737f-88df-41a8-ab12-89f8b35528c4"
    },
    {
      "folded": true,
      "id": "01ab4c61-ca56-4086-b8fe-1fb713bd47bb"
    },
    {
      "folded": true,
      "id": "1c36de36-dc16-4b2d-ac69-32f75a2ddc57"
    },
    {
      "folded": true,
      "id": "d5da6d25-ba3a-4c4c-a23b-8eaf5cfcf0ae"
    },
    {
      "folded": true,
      "id": "6c2935b5-2ad3-45db-8bbe-37d30490a4a7"
    },
    {
      "folded": true,
      "id": "c6b5fd13-6a7f-4187-8716-1189e5d13c27"
    },
    {
      "folded": true,
      "id": "71c9163b-c193-441c-ae89-21cfca841125"
    },
    {
      "folded": true,
      "id": "10c40695-4a4c-478d-96fe-e3f33cbe7b21"
    }
  ]
}