[
  {
    "__type__": "cc.SceneAsset",
    "_name": "Game",
    "_objFlags": 0,
    "_rawFiles": null,
    "scene": {
      "__id__": 1
    },
    "asyncLoadAssets": false
  },
  {
    "__type__": "cc.Scene",
    "_objFlags": 0,
    "_parent": null,
    "_children": [
      {
        "__id__": 2
      }
    ],
    "_tag": -1,
    "_active": true,
    "_components": [],
    "_prefab": null,
    "_id": "8beffe02-9645-49c7-b5e3-0f284db6beb0",
    "_opacity": 255,
    "_color": {
      "__type__": "cc.Color",
      "r": 255,
      "g": 255,
      "b": 255,
      "a": 255
    },
    "_cascadeOpacityEnabled": true,
    "_anchorPoint": {
      "__type__": "cc.Vec2",
      "x": 0,
      "y": 0
    },
    "_contentSize": {
      "__type__": "cc.Size",
      "width": 0,
      "height": 0
    },
    "_localZOrder": 0,
    "_globalZOrder": 0,
    "_opacityModifyRGB": false,
    "groupIndex": 0,
    "autoReleaseAssets": false
  },
  {
    "__type__": "cc.Node",
    "_name": "Canvas",
    "_objFlags": 0,
    "_parent": {
      "__id__": 1
    },
    "_children": [
      {
        "__id__": 3
      }
    ],
    "_tag": -1,
    "_active": true,
    "_components": [
      {
        "__id__": 91
      }
    ],
    "_prefab": null,
    "_id": "26mxA0OURBQoPWddh1rzcQ",
    "_opacity": 255,
    "_color": {
      "__type__": "cc.Color",
      "r": 255,
      "g": 255,
      "b": 255,
      "a": 255
    },
    "_cascadeOpacityEnabled": true,
    "_anchorPoint": {
      "__type__": "cc.Vec2",
      "x": 0.5,
      "y": 0.5
    },
    "_contentSize": {
      "__type__": "cc.Size",
      "width": 960,
      "height": 640
    },
    "_rotationX": 0,
    "_rotationY": 0,
    "_scaleX": 1,
    "_scaleY": 1,
    "_position": {
      "__type__": "cc.Vec2",
      "x": 480,
      "y": 320
    },
    "_skewX": 0,
    "_skewY": 0,
    "_localZOrder": 0,
    "_globalZOrder": 0,
    "_opacityModifyRGB": false,
    "groupIndex": 0
  },
  {
    "__type__": "cc.Node",
    "_name": "BaseLayout",
    "_objFlags": 0,
    "_parent": {
      "__id__": 2
    },
    "_children": [
      {
        "__id__": 4
      },
      {
        "__id__": 6
      },
      {
        "__id__": 83
      }
    ],
    "_tag": -1,
    "_active": true,
    "_components": [
      {
        "__id__": 88
      },
      {
        "__id__": 89
      },
      {
        "__id__": 90
      }
    ],
    "_prefab": null,
    "_id": "31Fa3kN0NBVYuSloATlKXU",
    "_opacity": 255,
    "_color": {
      "__type__": "cc.Color",
      "r": 0,
      "g": 0,
      "b": 0,
      "a": 255
    },
    "_cascadeOpacityEnabled": true,
    "_anchorPoint": {
      "__type__": "cc.Vec2",
      "x": 0,
      "y": 0
    },
    "_contentSize": {
      "__type__": "cc.Size",
      "width": 960,
      "height": 640
    },
    "_rotationX": 0,
    "_rotationY": 0,
    "_scaleX": 1,
    "_scaleY": 1,
    "_position": {
      "__type__": "cc.Vec2",
      "x": -480,
      "y": -320
    },
    "_skewX": 0,
    "_skewY": 0,
    "_localZOrder": 0,
    "_globalZOrder": 0,
    "_opacityModifyRGB": false,
    "groupIndex": 0
  },
  {
    "__type__": "cc.Node",
    "_name": "label",
    "_objFlags": 0,
    "_parent": {
      "__id__": 3
    },
    "_children": [],
    "_tag": -1,
    "_active": true,
    "_components": [
      {
        "__id__": 5
      }
    ],
    "_prefab": null,
    "_id": "0boPLySl5JBocfbssuJAfS",
    "_opacity": 255,
    "_color": {
      "__type__": "cc.Color",
      "r": 255,
      "g": 255,
      "b": 255,
      "a": 255
    },
    "_cascadeOpacityEnabled": true,
    "_anchorPoint": {
      "__type__": "cc.Vec2",
      "x": 0.5,
      "y": 0.5
    },
    "_contentSize": {
      "__type__": "cc.Size",
      "width": 100,
      "height": 40
    },
    "_rotationX": 0,
    "_rotationY": 0,
    "_scaleX": 1,
    "_scaleY": 1,
    "_position": {
      "__type__": "cc.Vec2",
      "x": 480,
      "y": 320
    },
    "_skewX": 0,
    "_skewY": 0,
    "_localZOrder": 0,
    "_globalZOrder": 0,
    "_opacityModifyRGB": false,
    "groupIndex": 0
  },
  {
    "__type__": "cc.Label",
    "_name": "",
    "_objFlags": 0,
    "node": {
      "__id__": 4
    },
    "_enabled": true,
    "_useOriginalSize": false,
    "_actualFontSize": 40,
    "_fontSize": 40,
    "_lineHeight": 40,
    "_enableWrapText": true,
    "_N$file": null,
    "_isSystemFontUsed": true,
    "_spacingX": 0,
    "_N$string": "WIN !",
    "_N$horizontalAlign": 1,
    "_N$verticalAlign": 1,
    "_N$fontFamily": "Arial",
    "_N$overflow": 0
  },
  {
    "__type__": "cc.Node",
    "_name": "Prefabs",
    "_objFlags": 0,
    "_parent": {
      "__id__": 3
    },
    "_children": [
      {
        "__id__": 7
      },
      {
        "__id__": 15
      },
      {
        "__id__": 49
      }
    ],
    "_tag": -1,
    "_active": false,
    "_components": [],
    "_prefab": null,
    "_id": "769f/Yl1pC+ZTJhXxDHYGI",
    "_opacity": 255,
    "_color": {
      "__type__": "cc.Color",
      "r": 255,
      "g": 255,
      "b": 255,
      "a": 255
    },
    "_cascadeOpacityEnabled": true,
    "_anchorPoint": {
      "__type__": "cc.Vec2",
      "x": 0.5,
      "y": 0.5
    },
    "_contentSize": {
      "__type__": "cc.Size",
      "width": 960,
      "height": 640
    },
    "_rotationX": 0,
    "_rotationY": 0,
    "_scaleX": 1,
    "_scaleY": 1,
    "_position": {
      "__type__": "cc.Vec2",
      "x": 0,
      "y": 0
    },
    "_skewX": 0,
    "_skewY": 0,
    "_localZOrder": 0,
    "_globalZOrder": 0,
    "_opacityModifyRGB": false,
    "groupIndex": 0
  },
  {
    "__type__": "cc.Node",
    "_name": "mainplayer",
    "_objFlags": 0,
    "_parent": {
      "__id__": 6
    },
    "_children": [
      {
        "__id__": 8
      }
    ],
    "_tag": -1,
    "_active": true,
    "_components": [
      {
        "__id__": 11
      },
      {
        "__id__": 12
      },
      {
        "__id__": 13
      }
    ],
    "_prefab": {
      "__id__": 14
    },
    "_id": "b8DGrdSn5O76DKQPzrE4Gf",
    "_opacity": 255,
    "_color": {
      "__type__": "cc.Color",
      "r": 255,
      "g": 255,
      "b": 255,
      "a": 255
    },
    "_cascadeOpacityEnabled": true,
    "_anchorPoint": {
      "__type__": "cc.Vec2",
      "x": 0.5,
      "y": 0.5
    },
    "_contentSize": {
      "__type__": "cc.Size",
      "width": 112,
      "height": 75
    },
    "_rotationX": 0,
    "_rotationY": 0,
    "_scaleX": 1,
    "_scaleY": 1,
    "_position": {
      "__type__": "cc.Vec2",
      "x": 120,
      "y": 314
    },
    "_skewX": 0,
    "_skewY": 0,
    "_localZOrder": 0,
    "_globalZOrder": 0,
    "_opacityModifyRGB": false,
    "groupIndex": 1
  },
  {
    "__type__": "cc.Node",
    "_name": "name",
    "_objFlags": 0,
    "_parent": {
      "__id__": 7
    },
    "_children": [],
    "_tag": -1,
    "_active": true,
    "_components": [
      {
        "__id__": 9
      }
    ],
    "_prefab": {
      "__id__": 10
    },
    "_id": "22uOzjbkJFpaTG45TM0fEK",
    "_opacity": 255,
    "_color": {
      "__type__": "cc.Color",
      "r": 255,
      "g": 255,
      "b": 255,
      "a": 255
    },
    "_cascadeOpacityEnabled": true,
    "_anchorPoint": {
      "__type__": "cc.Vec2",
      "x": 0.5,
      "y": 0.5
    },
    "_contentSize": {
      "__type__": "cc.Size",
      "width": 89,
      "height": 40
    },
    "_rotationX": 0,
    "_rotationY": 0,
    "_scaleX": 1,
    "_scaleY": 1,
    "_position": {
      "__type__": "cc.Vec2",
      "x": 0,
      "y": -56
    },
    "_skewX": 0,
    "_skewY": 0,
    "_localZOrder": 0,
    "_globalZOrder": 0,
    "_opacityModifyRGB": false,
    "groupIndex": 0
  },
  {
    "__type__": "cc.Label",
    "_name": "",
    "_objFlags": 0,
    "node": {
      "__id__": 8
    },
    "_enabled": true,
    "_useOriginalSize": false,
    "_actualFontSize": 30.3,
    "_fontSize": 30.3,
    "_lineHeight": 40,
    "_enableWrapText": true,
    "_N$file": null,
    "_isSystemFontUsed": true,
    "_spacingX": 0,
    "_N$string": "UserId",
    "_N$horizontalAlign": 1,
    "_N$verticalAlign": 1,
    "_N$fontFamily": "Arial",
    "_N$overflow": 0
  },
  {
    "__type__": "cc.PrefabInfo",
    "root": {
      "__id__": 7
    },
    "asset": {
      "__uuid__": "42208f7b-6802-4b61-a78b-b458b699ca6d"
    },
    "fileId": "d1cddH/doRNQ4Aodz8556bh",
    "sync": false
  },
  {
    "__type__": "cc.Sprite",
    "_name": "",
    "_objFlags": 0,
    "node": {
      "__id__": 7
    },
    "_enabled": true,
    "_spriteFrame": {
      "__uuid__": "f9a86855-02f4-41c2-a027-cf79fa571dcb"
    },
    "_type": 0,
    "_sizeMode": 1,
    "_fillType": 0,
    "_fillCenter": {
      "__type__": "cc.Vec2",
      "x": 0,
      "y": 0
    },
    "_fillStart": 0,
    "_fillRange": 0,
    "_isTrimmedMode": true,
    "_srcBlendFactor": 770,
    "_dstBlendFactor": 771,
    "_atlas": null
  },
  {
    "__type__": "b2a39yynutNxLw0Q76PpAg3",
    "_name": "",
    "_objFlags": 0,
    "node": {
      "__id__": 7
    },
    "_enabled": true,
    "friendFire": {
      "__uuid__": "d4b809db-36e7-4aff-b83c-42b525afc45a"
    },
    "fireSpan": 1000,
    "nextFire": 3047864809950
  },
  {
    "__type__": "cc.PolygonCollider",
    "_name": "",
    "_objFlags": 0,
    "node": {
      "__id__": 7
    },
    "_enabled": true,
    "tag": 0,
    "_offset": {
      "__type__": "cc.Vec2",
      "x": 0,
      "y": 0
    },
    "points": [
      {
        "__type__": "cc.Vec2",
        "x": -38,
        "y": -35
      },
      {
        "__type__": "cc.Vec2",
        "x": 37,
        "y": -35
      },
      {
        "__type__": "cc.Vec2",
        "x": 57,
        "y": -7
      },
      {
        "__type__": "cc.Vec2",
        "x": 0,
        "y": 39
      },
      {
        "__type__": "cc.Vec2",
        "x": -55,
        "y": -6
      }
    ]
  },
  {
    "__type__": "cc.PrefabInfo",
    "root": {
      "__id__": 7
    },
    "asset": {
      "__uuid__": "42208f7b-6802-4b61-a78b-b458b699ca6d"
    },
    "fileId": "b8DGrdSn5O76DKQPzrE4Gf",
    "sync": false
  },
  {
    "__type__": "cc.Node",
    "_name": "Friend",
    "_objFlags": 0,
    "_parent": {
      "__id__": 6
    },
    "_children": [
      {
        "__id__": 16
      },
      {
        "__id__": 21
      },
      {
        "__id__": 26
      },
      {
        "__id__": 31
      },
      {
        "__id__": 36
      },
      {
        "__id__": 41
      }
    ],
    "_tag": -1,
    "_active": true,
    "_components": [],
    "_prefab": null,
    "_id": "afiHydwShNIqzQsOZt8kpe",
    "_opacity": 255,
    "_color": {
      "__type__": "cc.Color",
      "r": 255,
      "g": 255,
      "b": 255,
      "a": 255
    },
    "_cascadeOpacityEnabled": true,
    "_anchorPoint": {
      "__type__": "cc.Vec2",
      "x": 0.5,
      "y": 0.5
    },
    "_contentSize": {
      "__type__": "cc.Size",
      "width": 960,
      "height": 640
    },
    "_rotationX": 0,
    "_rotationY": 0,
    "_scaleX": 1,
    "_scaleY": 1,
    "_position": {
      "__type__": "cc.Vec2",
      "x": 211,
      "y": 131
    },
    "_skewX": 0,
    "_skewY": 0,
    "_localZOrder": 0,
    "_globalZOrder": 0,
    "_opacityModifyRGB": false,
    "groupIndex": 0
  },
  {
    "__type__": "cc.Node",
    "_name": "bot0",
    "_objFlags": 0,
    "_parent": {
      "__id__": 15
    },
    "_children": [],
    "_tag": -1,
    "_active": true,
    "_components": [
      {
        "__id__": 17
      },
      {
        "__id__": 18
      },
      {
        "__id__": 19
      }
    ],
    "_prefab": {
      "__id__": 20
    },
    "_id": "16O9UtAQNCJoM/j9UxUrTL",
    "_opacity": 255,
    "_color": {
      "__type__": "cc.Color",
      "r": 255,
      "g": 255,
      "b": 255,
      "a": 255
    },
    "_cascadeOpacityEnabled": true,
    "_anchorPoint": {
      "__type__": "cc.Vec2",
      "x": 0.5,
      "y": 0.5
    },
    "_contentSize": {
      "__type__": "cc.Size",
      "width": 101,
      "height": 84
    },
    "_rotationX": 0,
    "_rotationY": 0,
    "_scaleX": 1,
    "_scaleY": 1,
    "_position": {
      "__type__": "cc.Vec2",
      "x": 0,
      "y": 0
    },
    "_skewX": 0,
    "_skewY": 0,
    "_localZOrder": 0,
    "_globalZOrder": 0,
    "_opacityModifyRGB": false,
    "groupIndex": 1
  },
  {
    "__type__": "cc.Sprite",
    "_name": "",
    "_objFlags": 0,
    "node": {
      "__id__": 16
    },
    "_enabled": true,
    "_spriteFrame": {
      "__uuid__": "9e612fe2-19b1-4090-85f0-fec9cb9e86e0"
    },
    "_type": 0,
    "_sizeMode": 1,
    "_fillType": 0,
    "_fillCenter": {
      "__type__": "cc.Vec2",
      "x": 0,
      "y": 0
    },
    "_fillStart": 0,
    "_fillRange": 0,
    "_isTrimmedMode": true,
    "_srcBlendFactor": 770,
    "_dstBlendFactor": 771,
    "_atlas": null
  },
  {
    "__type__": "a8c2deyw7RPd7EzU4ZR2H8D",
    "_name": "",
    "_objFlags": 0,
    "node": {
      "__id__": 16
    },
    "_enabled": true,
    "crossYCostMillSec": 8000,
    "fire": null,
    "botHp": 2,
    "fireSpan": 0
  },
  {
    "__type__": "cc.BoxCollider",
    "_name": "",
    "_objFlags": 0,
    "node": {
      "__id__": 16
    },
    "_enabled": true,
    "tag": 0,
    "_offset": {
      "__type__": "cc.Vec2",
      "x": 0,
      "y": 0
    },
    "_size": {
      "__type__": "cc.Size",
      "width": 101,
      "height": 84
    }
  },
  {
    "__type__": "cc.PrefabInfo",
    "root": {
      "__id__": 16
    },
    "asset": {
      "__uuid__": "f1c1da74-cc35-4750-b5ee-ddd0529980df"
    },
    "fileId": "16O9UtAQNCJoM/j9UxUrTL",
    "sync": false
  },
  {
    "__type__": "cc.Node",
    "_name": "bot1",
    "_objFlags": 0,
    "_parent": {
      "__id__": 15
    },
    "_children": [],
    "_tag": -1,
    "_active": true,
    "_components": [
      {
        "__id__": 22
      },
      {
        "__id__": 23
      },
      {
        "__id__": 24
      }
    ],
    "_prefab": {
      "__id__": 25
    },
    "_id": "21gKVyk3lLzqN8O3UOw4PE",
    "_opacity": 255,
    "_color": {
      "__type__": "cc.Color",
      "r": 255,
      "g": 255,
      "b": 255,
      "a": 255
    },
    "_cascadeOpacityEnabled": true,
    "_anchorPoint": {
      "__type__": "cc.Vec2",
      "x": 0.5,
      "y": 0.5
    },
    "_contentSize": {
      "__type__": "cc.Size",
      "width": 103,
      "height": 84
    },
    "_rotationX": 0,
    "_rotationY": 0,
    "_scaleX": 1,
    "_scaleY": 1,
    "_position": {
      "__type__": "cc.Vec2",
      "x": 149,
      "y": 0
    },
    "_skewX": 0,
    "_skewY": 0,
    "_localZOrder": 0,
    "_globalZOrder": 0,
    "_opacityModifyRGB": false,
    "groupIndex": 1
  },
  {
    "__type__": "cc.Sprite",
    "_name": "",
    "_objFlags": 0,
    "node": {
      "__id__": 21
    },
    "_enabled": true,
    "_spriteFrame": {
      "__uuid__": "f0518aa7-1833-40bf-8761-2824c858c4e2"
    },
    "_type": 0,
    "_sizeMode": 1,
    "_fillType": 0,
    "_fillCenter": {
      "__type__": "cc.Vec2",
      "x": 0,
      "y": 0
    },
    "_fillStart": 0,
    "_fillRange": 0,
    "_isTrimmedMode": true,
    "_srcBlendFactor": 770,
    "_dstBlendFactor": 771,
    "_atlas": null
  },
  {
    "__type__": "a8c2deyw7RPd7EzU4ZR2H8D",
    "_name": "",
    "_objFlags": 0,
    "node": {
      "__id__": 21
    },
    "_enabled": true,
    "crossYCostMillSec": 6666.67,
    "fire": null,
    "botHp": 2,
    "fireSpan": 0
  },
  {
    "__type__": "cc.BoxCollider",
    "_name": "",
    "_objFlags": 0,
    "node": {
      "__id__": 21
    },
    "_enabled": true,
    "tag": 0,
    "_offset": {
      "__type__": "cc.Vec2",
      "x": 0,
      "y": 0
    },
    "_size": {
      "__type__": "cc.Size",
      "width": 103,
      "height": 84
    }
  },
  {
    "__type__": "cc.PrefabInfo",
    "root": {
      "__id__": 21
    },
    "asset": {
      "__uuid__": "b27d6d0c-eb27-4f06-ac17-8e7deed3d573"
    },
    "fileId": "21gKVyk3lLzqN8O3UOw4PE",
    "sync": false
  },
  {
    "__type__": "cc.Node",
    "_name": "bot2",
    "_objFlags": 0,
    "_parent": {
      "__id__": 15
    },
    "_children": [],
    "_tag": -1,
    "_active": true,
    "_components": [
      {
        "__id__": 27
      },
      {
        "__id__": 28
      },
      {
        "__id__": 29
      }
    ],
    "_prefab": {
      "__id__": 30
    },
    "_id": "b4n3dscTNGfrQ7ysgpy8jR",
    "_opacity": 255,
    "_color": {
      "__type__": "cc.Color",
      "r": 255,
      "g": 255,
      "b": 255,
      "a": 255
    },
    "_cascadeOpacityEnabled": true,
    "_anchorPoint": {
      "__type__": "cc.Vec2",
      "x": 0.5,
      "y": 0.5
    },
    "_contentSize": {
      "__type__": "cc.Size",
      "width": 93,
      "height": 84
    },
    "_rotationX": 0,
    "_rotationY": 0,
    "_scaleX": 1,
    "_scaleY": 1,
    "_position": {
      "__type__": "cc.Vec2",
      "x": 286,
      "y": 0
    },
    "_skewX": 0,
    "_skewY": 0,
    "_localZOrder": 0,
    "_globalZOrder": 0,
    "_opacityModifyRGB": false,
    "groupIndex": 1
  },
  {
    "__type__": "cc.Sprite",
    "_name": "",
    "_objFlags": 0,
    "node": {
      "__id__": 26
    },
    "_enabled": true,
    "_spriteFrame": {
      "__uuid__": "a6c7a874-b0ee-4f3e-b17a-9135213c33e1"
    },
    "_type": 0,
    "_sizeMode": 1,
    "_fillType": 0,
    "_fillCenter": {
      "__type__": "cc.Vec2",
      "x": 0,
      "y": 0
    },
    "_fillStart": 0,
    "_fillRange": 0,
    "_isTrimmedMode": true,
    "_srcBlendFactor": 770,
    "_dstBlendFactor": 771,
    "_atlas": null
  },
  {
    "__type__": "a8c2deyw7RPd7EzU4ZR2H8D",
    "_name": "",
    "_objFlags": 0,
    "node": {
      "__id__": 26
    },
    "_enabled": true,
    "crossYCostMillSec": 5333.33,
    "fire": {
      "__uuid__": "d4b809db-36e7-4aff-b83c-42b525afc45a"
    },
    "botHp": 2,
    "fireSpan": 2000
  },
  {
    "__type__": "cc.BoxCollider",
    "_name": "",
    "_objFlags": 0,
    "node": {
      "__id__": 26
    },
    "_enabled": true,
    "tag": 0,
    "_offset": {
      "__type__": "cc.Vec2",
      "x": 0,
      "y": 0
    },
    "_size": {
      "__type__": "cc.Size",
      "width": 93,
      "height": 84
    }
  },
  {
    "__type__": "cc.PrefabInfo",
    "root": {
      "__id__": 26
    },
    "asset": {
      "__uuid__": "00ddc8e8-6159-4c5f-b6bb-24a827a70d23"
    },
    "fileId": "b4n3dscTNGfrQ7ysgpy8jR",
    "sync": false
  },
  {
    "__type__": "cc.Node",
    "_name": "bot3",
    "_objFlags": 0,
    "_parent": {
      "__id__": 15
    },
    "_children": [],
    "_tag": -1,
    "_active": true,
    "_components": [
      {
        "__id__": 32
      },
      {
        "__id__": 33
      },
      {
        "__id__": 34
      }
    ],
    "_prefab": {
      "__id__": 35
    },
    "_id": "a4z19viepDipKHIROpXpIm",
    "_opacity": 255,
    "_color": {
      "__type__": "cc.Color",
      "r": 255,
      "g": 255,
      "b": 255,
      "a": 255
    },
    "_cascadeOpacityEnabled": true,
    "_anchorPoint": {
      "__type__": "cc.Vec2",
      "x": 0.5,
      "y": 0.5
    },
    "_contentSize": {
      "__type__": "cc.Size",
      "width": 104,
      "height": 84
    },
    "_rotationX": 0,
    "_rotationY": 0,
    "_scaleX": 1,
    "_scaleY": 1,
    "_position": {
      "__type__": "cc.Vec2",
      "x": 403,
      "y": 0
    },
    "_skewX": 0,
    "_skewY": 0,
    "_localZOrder": 0,
    "_globalZOrder": 0,
    "_opacityModifyRGB": false,
    "groupIndex": 1
  },
  {
    "__type__": "cc.Sprite",
    "_name": "",
    "_objFlags": 0,
    "node": {
      "__id__": 31
    },
    "_enabled": true,
    "_spriteFrame": {
      "__uuid__": "7a94138a-6051-4f57-bc9a-00393f48194d"
    },
    "_type": 0,
    "_sizeMode": 1,
    "_fillType": 0,
    "_fillCenter": {
      "__type__": "cc.Vec2",
      "x": 0,
      "y": 0
    },
    "_fillStart": 0,
    "_fillRange": 0,
    "_isTrimmedMode": true,
    "_srcBlendFactor": 770,
    "_dstBlendFactor": 771,
    "_atlas": null
  },
  {
    "__type__": "a8c2deyw7RPd7EzU4ZR2H8D",
    "_name": "",
    "_objFlags": 0,
    "node": {
      "__id__": 31
    },
    "_enabled": true,
    "crossYCostMillSec": 4000,
    "fire": {
      "__uuid__": "d4b809db-36e7-4aff-b83c-42b525afc45a"
    },
    "botHp": 2,
    "fireSpan": 1000
  },
  {
    "__type__": "cc.BoxCollider",
    "_name": "",
    "_objFlags": 0,
    "node": {
      "__id__": 31
    },
    "_enabled": true,
    "tag": 0,
    "_offset": {
      "__type__": "cc.Vec2",
      "x": 0,
      "y": 0
    },
    "_size": {
      "__type__": "cc.Size",
      "width": 104,
      "height": 84
    }
  },
  {
    "__type__": "cc.PrefabInfo",
    "root": {
      "__id__": 31
    },
    "asset": {
      "__uuid__": "c72d35ea-b778-4307-93dd-b774da166594"
    },
    "fileId": "a4z19viepDipKHIROpXpIm",
    "sync": false
  },
  {
    "__type__": "cc.Node",
    "_name": "friend_fire",
    "_objFlags": 0,
    "_parent": {
      "__id__": 15
    },
    "_children": [],
    "_tag": -1,
    "_active": true,
    "_components": [
      {
        "__id__": 37
      },
      {
        "__id__": 38
      },
      {
        "__id__": 39
      }
    ],
    "_prefab": {
      "__id__": 40
    },
    "_id": "cfZ94+YYdN5J7JNrJmnNdU",
    "_opacity": 255,
    "_color": {
      "__type__": "cc.Color",
      "r": 255,
      "g": 255,
      "b": 255,
      "a": 255
    },
    "_cascadeOpacityEnabled": true,
    "_anchorPoint": {
      "__type__": "cc.Vec2",
      "x": 0.5,
      "y": 0.5
    },
    "_contentSize": {
      "__type__": "cc.Size",
      "width": 9,
      "height": 54
    },
    "_rotationX": 0,
    "_rotationY": 0,
    "_scaleX": 1,
    "_scaleY": 1,
    "_position": {
      "__type__": "cc.Vec2",
      "x": 491,
      "y": 0
    },
    "_skewX": 0,
    "_skewY": 0,
    "_localZOrder": 0,
    "_globalZOrder": 0,
    "_opacityModifyRGB": false,
    "groupIndex": 1
  },
  {
    "__type__": "cc.Sprite",
    "_name": "",
    "_objFlags": 0,
    "node": {
      "__id__": 36
    },
    "_enabled": true,
    "_spriteFrame": {
      "__uuid__": "34c8cd6c-27ba-4c57-887b-19bdb0bf24f5"
    },
    "_type": 0,
    "_sizeMode": 1,
    "_fillType": 0,
    "_fillCenter": {
      "__type__": "cc.Vec2",
      "x": 0,
      "y": 0
    },
    "_fillStart": 0,
    "_fillRange": 0,
    "_isTrimmedMode": true,
    "_srcBlendFactor": 770,
    "_dstBlendFactor": 771,
    "_atlas": null
  },
  {
    "__type__": "fb57crf0LRD14ly3oMdcEtE",
    "_name": "",
    "_objFlags": 0,
    "node": {
      "__id__": 36
    },
    "_enabled": true,
    "crossYCostMillSec": 3000
  },
  {
    "__type__": "cc.BoxCollider",
    "_name": "",
    "_objFlags": 0,
    "node": {
      "__id__": 36
    },
    "_enabled": true,
    "tag": 0,
    "_offset": {
      "__type__": "cc.Vec2",
      "x": 0,
      "y": 0
    },
    "_size": {
      "__type__": "cc.Size",
      "width": 9,
      "height": 54
    }
  },
  {
    "__type__": "cc.PrefabInfo",
    "root": {
      "__id__": 36
    },
    "asset": {
      "__uuid__": "d4b809db-36e7-4aff-b83c-42b525afc45a"
    },
    "fileId": "cfZ94+YYdN5J7JNrJmnNdU",
    "sync": false
  },
  {
    "__type__": "cc.Node",
    "_name": "player",
    "_objFlags": 0,
    "_parent": {
      "__id__": 15
    },
    "_children": [
      {
        "__id__": 42
      }
    ],
    "_tag": -1,
    "_active": true,
    "_components": [
      {
        "__id__": 45
      },
      {
        "__id__": 46
      },
      {
        "__id__": 47
      }
    ],
    "_prefab": {
      "__id__": 48
    },
    "_id": "8317lj2DVNlLFVJo+7RH/n",
    "_opacity": 255,
    "_color": {
      "__type__": "cc.Color",
      "r": 255,
      "g": 255,
      "b": 255,
      "a": 255
    },
    "_cascadeOpacityEnabled": true,
    "_anchorPoint": {
      "__type__": "cc.Vec2",
      "x": 0.5,
      "y": 0.5
    },
    "_contentSize": {
      "__type__": "cc.Size",
      "width": 112,
      "height": 75
    },
    "_rotationX": 0,
    "_rotationY": 0,
    "_scaleX": 1,
    "_scaleY": 1,
    "_position": {
      "__type__": "cc.Vec2",
      "x": 583,
      "y": 0
    },
    "_skewX": 0,
    "_skewY": 0,
    "_localZOrder": 0,
    "_globalZOrder": 0,
    "_opacityModifyRGB": false,
    "groupIndex": 1
  },
  {
    "__type__": "cc.Node",
    "_name": "name",
    "_objFlags": 0,
    "_parent": {
      "__id__": 41
    },
    "_children": [],
    "_tag": -1,
    "_active": true,
    "_components": [
      {
        "__id__": 43
      }
    ],
    "_prefab": {
      "__id__": 44
    },
    "_id": "abbdsbJIBAh5ZMGl8A/hUr",
    "_opacity": 255,
    "_color": {
      "__type__": "cc.Color",
      "r": 255,
      "g": 255,
      "b": 255,
      "a": 255
    },
    "_cascadeOpacityEnabled": true,
    "_anchorPoint": {
      "__type__": "cc.Vec2",
      "x": 0.5,
      "y": 0.5
    },
    "_contentSize": {
      "__type__": "cc.Size",
      "width": 0,
      "height": 80
    },
    "_rotationX": 0,
    "_rotationY": 0,
    "_scaleX": 1,
    "_scaleY": 1,
    "_position": {
      "__type__": "cc.Vec2",
      "x": 0,
      "y": -54
    },
    "_skewX": 0,
    "_skewY": 0,
    "_localZOrder": 0,
    "_globalZOrder": 0,
    "_opacityModifyRGB": false,
    "groupIndex": 0
  },
  {
    "__type__": "cc.Label",
    "_name": "",
    "_objFlags": 0,
    "node": {
      "__id__": 42
    },
    "_enabled": true,
    "_useOriginalSize": false,
    "_actualFontSize": 28,
    "_fontSize": 28,
    "_lineHeight": 40,
    "_enableWrapText": true,
    "_N$file": null,
    "_isSystemFontUsed": true,
    "_spacingX": 0,
    "_N$string": "\n",
    "_N$horizontalAlign": 1,
    "_N$verticalAlign": 1,
    "_N$fontFamily": "Arial",
    "_N$overflow": 0
  },
  {
    "__type__": "cc.PrefabInfo",
    "root": {
      "__id__": 41
    },
    "asset": {
      "__uuid__": "e96529c2-22d0-4675-841a-ca0b343467df"
    },
    "fileId": "d1cddH/doRNQ4Aodz8556bh",
    "sync": false
  },
  {
    "__type__": "cc.Sprite",
    "_name": "",
    "_objFlags": 0,
    "node": {
      "__id__": 41
    },
    "_enabled": true,
    "_spriteFrame": {
      "__uuid__": "f9a86855-02f4-41c2-a027-cf79fa571dcb"
    },
    "_type": 0,
    "_sizeMode": 1,
    "_fillType": 0,
    "_fillCenter": {
      "__type__": "cc.Vec2",
      "x": 0,
      "y": 0
    },
    "_fillStart": 0,
    "_fillRange": 0,
    "_isTrimmedMode": true,
    "_srcBlendFactor": 770,
    "_dstBlendFactor": 771,
    "_atlas": null
  },
  {
    "__type__": "43a1ckn0n1A3r3tKtDnWc/S",
    "_name": "",
    "_objFlags": 0,
    "node": {
      "__id__": 41
    },
    "_enabled": true
  },
  {
    "__type__": "cc.PolygonCollider",
    "_name": "",
    "_objFlags": 0,
    "node": {
      "__id__": 41
    },
    "_enabled": true,
    "tag": 0,
    "_offset": {
      "__type__": "cc.Vec2",
      "x": 0,
      "y": 0
    },
    "points": [
      {
        "__type__": "cc.Vec2",
        "x": -37,
        "y": -36
      },
      {
        "__type__": "cc.Vec2",
        "x": 39,
        "y": -37
      },
      {
        "__type__": "cc.Vec2",
        "x": 55,
        "y": -6
      },
      {
        "__type__": "cc.Vec2",
        "x": -1,
        "y": 38
      },
      {
        "__type__": "cc.Vec2",
        "x": -55,
        "y": -5
      }
    ]
  },
  {
    "__type__": "cc.PrefabInfo",
    "root": {
      "__id__": 41
    },
    "asset": {
      "__uuid__": "e96529c2-22d0-4675-841a-ca0b343467df"
    },
    "fileId": "8317lj2DVNlLFVJo+7RH/n",
    "sync": false
  },
  {
    "__type__": "cc.Node",
    "_name": "Enemy",
    "_objFlags": 0,
    "_parent": {
      "__id__": 6
    },
    "_children": [
      {
        "__id__": 50
      },
      {
        "__id__": 55
      },
      {
        "__id__": 60
      },
      {
        "__id__": 65
      },
      {
        "__id__": 70
      },
      {
        "__id__": 75
      }
    ],
    "_tag": -1,
    "_active": true,
    "_components": [],
    "_prefab": null,
    "_id": "e7DYO2rv9Cs6ZtE9j1gVik",
    "_opacity": 255,
    "_color": {
      "__type__": "cc.Color",
      "r": 255,
      "g": 255,
      "b": 255,
      "a": 255
    },
    "_cascadeOpacityEnabled": true,
    "_anchorPoint": {
      "__type__": "cc.Vec2",
      "x": 0.5,
      "y": 0.5
    },
    "_contentSize": {
      "__type__": "cc.Size",
      "width": 960,
      "height": 640
    },
    "_rotationX": 0,
    "_rotationY": 0,
    "_scaleX": 1,
    "_scaleY": 1,
    "_position": {
      "__type__": "cc.Vec2",
      "x": 0,
      "y": 0
    },
    "_skewX": 0,
    "_skewY": 0,
    "_localZOrder": 0,
    "_globalZOrder": 0,
    "_opacityModifyRGB": false,
    "groupIndex": 0
  },
  {
    "__type__": "cc.Node",
    "_name": "bot0",
    "_objFlags": 0,
    "_parent": {
      "__id__": 49
    },
    "_children": [],
    "_tag": -1,
    "_active": true,
    "_components": [
      {
        "__id__": 51
      },
      {
        "__id__": 52
      },
      {
        "__id__": 53
      }
    ],
    "_prefab": {
      "__id__": 54
    },
    "_id": "17Frs4oiFIBKMXz82FkuUz",
    "_opacity": 255,
    "_color": {
      "__type__": "cc.Color",
      "r": 255,
      "g": 255,
      "b": 255,
      "a": 255
    },
    "_cascadeOpacityEnabled": true,
    "_anchorPoint": {
      "__type__": "cc.Vec2",
      "x": 0.5,
      "y": 0.5
    },
    "_contentSize": {
      "__type__": "cc.Size",
      "width": 101,
      "height": 84
    },
    "_rotationX": 0,
    "_rotationY": 0,
    "_scaleX": 1,
    "_scaleY": 1,
    "_position": {
      "__type__": "cc.Vec2",
      "x": 223,
      "y": 531
    },
    "_skewX": 0,
    "_skewY": 0,
    "_localZOrder": 0,
    "_globalZOrder": 0,
    "_opacityModifyRGB": false,
    "groupIndex": 2
  },
  {
    "__type__": "cc.Sprite",
    "_name": "",
    "_objFlags": 0,
    "node": {
      "__id__": 50
    },
    "_enabled": true,
    "_spriteFrame": {
      "__uuid__": "d12c9eb7-e567-4e8b-abea-0470ce9b6796"
    },
    "_type": 0,
    "_sizeMode": 1,
    "_fillType": 0,
    "_fillCenter": {
      "__type__": "cc.Vec2",
      "x": 0,
      "y": 0
    },
    "_fillStart": 0,
    "_fillRange": 0,
    "_isTrimmedMode": true,
    "_srcBlendFactor": 770,
    "_dstBlendFactor": 771,
    "_atlas": null
  },
  {
    "__type__": "a8c2deyw7RPd7EzU4ZR2H8D",
    "_name": "",
    "_objFlags": 0,
    "node": {
      "__id__": 50
    },
    "_enabled": true,
    "crossYCostMillSec": -8000,
    "fire": null,
    "botHp": 2,
    "fireSpan": 2000
  },
  {
    "__type__": "cc.BoxCollider",
    "_name": "",
    "_objFlags": 0,
    "node": {
      "__id__": 50
    },
    "_enabled": true,
    "tag": 0,
    "_offset": {
      "__type__": "cc.Vec2",
      "x": 0,
      "y": 0
    },
    "_size": {
      "__type__": "cc.Size",
      "width": 101,
      "height": 84
    }
  },
  {
    "__type__": "cc.PrefabInfo",
    "root": {
      "__id__": 50
    },
    "asset": {
      "__uuid__": "2126c0dd-7188-4645-a40d-f1d8a0289c70"
    },
    "fileId": "17Frs4oiFIBKMXz82FkuUz",
    "sync": false
  },
  {
    "__type__": "cc.Node",
    "_name": "bot1",
    "_objFlags": 0,
    "_parent": {
      "__id__": 49
    },
    "_children": [],
    "_tag": -1,
    "_active": true,
    "_components": [
      {
        "__id__": 56
      },
      {
        "__id__": 57
      },
      {
        "__id__": 58
      }
    ],
    "_prefab": {
      "__id__": 59
    },
    "_id": "2dkobD2P5M8bDIYu3cKu4l",
    "_opacity": 255,
    "_color": {
      "__type__": "cc.Color",
      "r": 255,
      "g": 255,
      "b": 255,
      "a": 255
    },
    "_cascadeOpacityEnabled": true,
    "_anchorPoint": {
      "__type__": "cc.Vec2",
      "x": 0.5,
      "y": 0.5
    },
    "_contentSize": {
      "__type__": "cc.Size",
      "width": 103,
      "height": 84
    },
    "_rotationX": 0,
    "_rotationY": 0,
    "_scaleX": 1,
    "_scaleY": 1,
    "_position": {
      "__type__": "cc.Vec2",
      "x": 360,
      "y": 531
    },
    "_skewX": 0,
    "_skewY": 0,
    "_localZOrder": 0,
    "_globalZOrder": 0,
    "_opacityModifyRGB": false,
    "groupIndex": 2
  },
  {
    "__type__": "cc.Sprite",
    "_name": "",
    "_objFlags": 0,
    "node": {
      "__id__": 55
    },
    "_enabled": true,
    "_spriteFrame": {
      "__uuid__": "183c2d71-fea9-4d6f-aef6-76ed68c520b4"
    },
    "_type": 0,
    "_sizeMode": 1,
    "_fillType": 0,
    "_fillCenter": {
      "__type__": "cc.Vec2",
      "x": 0,
      "y": 0
    },
    "_fillStart": 0,
    "_fillRange": 0,
    "_isTrimmedMode": true,
    "_srcBlendFactor": 770,
    "_dstBlendFactor": 771,
    "_atlas": null
  },
  {
    "__type__": "a8c2deyw7RPd7EzU4ZR2H8D",
    "_name": "",
    "_objFlags": 0,
    "node": {
      "__id__": 55
    },
    "_enabled": true,
    "crossYCostMillSec": -6666.67,
    "fire": null,
    "botHp": 2,
    "fireSpan": 2000
  },
  {
    "__type__": "cc.BoxCollider",
    "_name": "",
    "_objFlags": 0,
    "node": {
      "__id__": 55
    },
    "_enabled": true,
    "tag": 0,
    "_offset": {
      "__type__": "cc.Vec2",
      "x": 0,
      "y": 0
    },
    "_size": {
      "__type__": "cc.Size",
      "width": 103,
      "height": 84
    }
  },
  {
    "__type__": "cc.PrefabInfo",
    "root": {
      "__id__": 55
    },
    "asset": {
      "__uuid__": "9cd3eae2-967c-48f0-b273-5b9ba322b79c"
    },
    "fileId": "2dkobD2P5M8bDIYu3cKu4l",
    "sync": false
  },
  {
    "__type__": "cc.Node",
    "_name": "bot2",
    "_objFlags": 0,
    "_parent": {
      "__id__": 49
    },
    "_children": [],
    "_tag": -1,
    "_active": true,
    "_components": [
      {
        "__id__": 61
      },
      {
        "__id__": 62
      },
      {
        "__id__": 63
      }
    ],
    "_prefab": {
      "__id__": 64
    },
    "_id": "e2yETQI/hMmorH8woFlk4k",
    "_opacity": 255,
    "_color": {
      "__type__": "cc.Color",
      "r": 255,
      "g": 255,
      "b": 255,
      "a": 255
    },
    "_cascadeOpacityEnabled": true,
    "_anchorPoint": {
      "__type__": "cc.Vec2",
      "x": 0.5,
      "y": 0.5
    },
    "_contentSize": {
      "__type__": "cc.Size",
      "width": 93,
      "height": 84
    },
    "_rotationX": 0,
    "_rotationY": 0,
    "_scaleX": 1,
    "_scaleY": 1,
    "_position": {
      "__type__": "cc.Vec2",
      "x": 489,
      "y": 531
    },
    "_skewX": 0,
    "_skewY": 0,
    "_localZOrder": 0,
    "_globalZOrder": 0,
    "_opacityModifyRGB": false,
    "groupIndex": 2
  },
  {
    "__type__": "cc.Sprite",
    "_name": "",
    "_objFlags": 0,
    "node": {
      "__id__": 60
    },
    "_enabled": true,
    "_spriteFrame": {
      "__uuid__": "d25d128c-68cc-4703-88c2-1201804445da"
    },
    "_type": 0,
    "_sizeMode": 1,
    "_fillType": 0,
    "_fillCenter": {
      "__type__": "cc.Vec2",
      "x": 0,
      "y": 0
    },
    "_fillStart": 0,
    "_fillRange": 0,
    "_isTrimmedMode": true,
    "_srcBlendFactor": 770,
    "_dstBlendFactor": 771,
    "_atlas": null
  },
  {
    "__type__": "a8c2deyw7RPd7EzU4ZR2H8D",
    "_name": "",
    "_objFlags": 0,
    "node": {
      "__id__": 60
    },
    "_enabled": true,
    "crossYCostMillSec": -5333.33,
    "fire": {
      "__uuid__": "c30f477f-9579-4342-a756-7ecfe75e133a"
    },
    "botHp": 2,
    "fireSpan": 2000
  },
  {
    "__type__": "cc.BoxCollider",
    "_name": "",
    "_objFlags": 0,
    "node": {
      "__id__": 60
    },
    "_enabled": true,
    "tag": 0,
    "_offset": {
      "__type__": "cc.Vec2",
      "x": 0,
      "y": 0
    },
    "_size": {
      "__type__": "cc.Size",
      "width": 93,
      "height": 84
    }
  },
  {
    "__type__": "cc.PrefabInfo",
    "root": {
      "__id__": 60
    },
    "asset": {
      "__uuid__": "0c36427b-bd1d-41b2-b32e-3bf5321e4e7f"
    },
    "fileId": "e2yETQI/hMmorH8woFlk4k",
    "sync": false
  },
  {
    "__type__": "cc.Node",
    "_name": "bot3",
    "_objFlags": 0,
    "_parent": {
      "__id__": 49
    },
    "_children": [],
    "_tag": -1,
    "_active": true,
    "_components": [
      {
        "__id__": 66
      },
      {
        "__id__": 67
      },
      {
        "__id__": 68
      }
    ],
    "_prefab": {
      "__id__": 69
    },
    "_id": "2cZxBfQsNOCa9Piw0sVy1N",
    "_opacity": 255,
    "_color": {
      "__type__": "cc.Color",
      "r": 255,
      "g": 255,
      "b": 255,
      "a": 255
    },
    "_cascadeOpacityEnabled": true,
    "_anchorPoint": {
      "__type__": "cc.Vec2",
      "x": 0.5,
      "y": 0.5
    },
    "_contentSize": {
      "__type__": "cc.Size",
      "width": 104,
      "height": 84
    },
    "_rotationX": 0,
    "_rotationY": 0,
    "_scaleX": 1,
    "_scaleY": 1,
    "_position": {
      "__type__": "cc.Vec2",
      "x": 620,
      "y": 531
    },
    "_skewX": 0,
    "_skewY": 0,
    "_localZOrder": 0,
    "_globalZOrder": 0,
    "_opacityModifyRGB": false,
    "groupIndex": 2
  },
  {
    "__type__": "cc.Sprite",
    "_name": "",
    "_objFlags": 0,
    "node": {
      "__id__": 65
    },
    "_enabled": true,
    "_spriteFrame": {
      "__uuid__": "b058e909-33a5-4b5b-b580-5c24de04afe1"
    },
    "_type": 0,
    "_sizeMode": 1,
    "_fillType": 0,
    "_fillCenter": {
      "__type__": "cc.Vec2",
      "x": 0,
      "y": 0
    },
    "_fillStart": 0,
    "_fillRange": 0,
    "_isTrimmedMode": true,
    "_srcBlendFactor": 770,
    "_dstBlendFactor": 771,
    "_atlas": null
  },
  {
    "__type__": "a8c2deyw7RPd7EzU4ZR2H8D",
    "_name": "",
    "_objFlags": 0,
    "node": {
      "__id__": 65
    },
    "_enabled": true,
    "crossYCostMillSec": -4000,
    "fire": {
      "__uuid__": "c30f477f-9579-4342-a756-7ecfe75e133a"
    },
    "botHp": 2,
    "fireSpan": 1000
  },
  {
    "__type__": "cc.BoxCollider",
    "_name": "",
    "_objFlags": 0,
    "node": {
      "__id__": 65
    },
    "_enabled": true,
    "tag": 0,
    "_offset": {
      "__type__": "cc.Vec2",
      "x": 0,
      "y": 0
    },
    "_size": {
      "__type__": "cc.Size",
      "width": 104,
      "height": 84
    }
  },
  {
    "__type__": "cc.PrefabInfo",
    "root": {
      "__id__": 65
    },
    "asset": {
      "__uuid__": "560bf841-5d5d-4f5d-86e8-0c26dfbf13e4"
    },
    "fileId": "2cZxBfQsNOCa9Piw0sVy1N",
    "sync": false
  },
  {
    "__type__": "cc.Node",
    "_name": "enemy_fire",
    "_objFlags": 0,
    "_parent": {
      "__id__": 49
    },
    "_children": [],
    "_tag": -1,
    "_active": true,
    "_components": [
      {
        "__id__": 71
      },
      {
        "__id__": 72
      },
      {
        "__id__": 73
      }
    ],
    "_prefab": {
      "__id__": 74
    },
    "_id": "73bYfvCxJCZ5CUeXPE8pJt",
    "_opacity": 255,
    "_color": {
      "__type__": "cc.Color",
      "r": 255,
      "g": 255,
      "b": 255,
      "a": 255
    },
    "_cascadeOpacityEnabled": true,
    "_anchorPoint": {
      "__type__": "cc.Vec2",
      "x": 0.5,
      "y": 0.5
    },
    "_contentSize": {
      "__type__": "cc.Size",
      "width": 9,
      "height": 54
    },
    "_rotationX": 0,
    "_rotationY": 0,
    "_scaleX": 1,
    "_scaleY": 1,
    "_position": {
      "__type__": "cc.Vec2",
      "x": 703,
      "y": 531
    },
    "_skewX": 0,
    "_skewY": 0,
    "_localZOrder": 0,
    "_globalZOrder": 0,
    "_opacityModifyRGB": false,
    "groupIndex": 2
  },
  {
    "__type__": "cc.Sprite",
    "_name": "",
    "_objFlags": 0,
    "node": {
      "__id__": 70
    },
    "_enabled": true,
    "_spriteFrame": {
      "__uuid__": "e44e76cc-9905-4197-ad1b-efb2dc9a658b"
    },
    "_type": 0,
    "_sizeMode": 1,
    "_fillType": 0,
    "_fillCenter": {
      "__type__": "cc.Vec2",
      "x": 0,
      "y": 0
    },
    "_fillStart": 0,
    "_fillRange": 0,
    "_isTrimmedMode": true,
    "_srcBlendFactor": 770,
    "_dstBlendFactor": 771,
    "_atlas": null
  },
  {
    "__type__": "fb57crf0LRD14ly3oMdcEtE",
    "_name": "",
    "_objFlags": 0,
    "node": {
      "__id__": 70
    },
    "_enabled": true,
    "crossYCostMillSec": -3000
  },
  {
    "__type__": "cc.BoxCollider",
    "_name": "",
    "_objFlags": 0,
    "node": {
      "__id__": 70
    },
    "_enabled": true,
    "tag": 0,
    "_offset": {
      "__type__": "cc.Vec2",
      "x": 0,
      "y": 0
    },
    "_size": {
      "__type__": "cc.Size",
      "width": 9,
      "height": 54
    }
  },
  {
    "__type__": "cc.PrefabInfo",
    "root": {
      "__id__": 70
    },
    "asset": {
      "__uuid__": "c30f477f-9579-4342-a756-7ecfe75e133a"
    },
    "fileId": "73bYfvCxJCZ5CUeXPE8pJt",
    "sync": false
  },
  {
    "__type__": "cc.Node",
    "_name": "player",
    "_objFlags": 0,
    "_parent": {
      "__id__": 49
    },
    "_children": [
      {
        "__id__": 76
      }
    ],
    "_tag": -1,
    "_active": true,
    "_components": [
      {
        "__id__": 79
      },
      {
        "__id__": 80
      },
      {
        "__id__": 81
      }
    ],
    "_prefab": {
      "__id__": 82
    },
    "_id": "c24ryEhStFK7jNmuph6YFV",
    "_opacity": 255,
    "_color": {
      "__type__": "cc.Color",
      "r": 255,
      "g": 255,
      "b": 255,
      "a": 255
    },
    "_cascadeOpacityEnabled": true,
    "_anchorPoint": {
      "__type__": "cc.Vec2",
      "x": 0.5,
      "y": 0.5
    },
    "_contentSize": {
      "__type__": "cc.Size",
      "width": 112,
      "height": 75
    },
    "_rotationX": 0,
    "_rotationY": 0,
    "_scaleX": 1,
    "_scaleY": 1,
    "_position": {
      "__type__": "cc.Vec2",
      "x": 794,
      "y": 531
    },
    "_skewX": 0,
    "_skewY": 0,
    "_localZOrder": 0,
    "_globalZOrder": 0,
    "_opacityModifyRGB": false,
    "groupIndex": 2
  },
  {
    "__type__": "cc.Node",
    "_name": "name",
    "_objFlags": 0,
    "_parent": {
      "__id__": 75
    },
    "_children": [],
    "_tag": -1,
    "_active": true,
    "_components": [
      {
        "__id__": 77
      }
    ],
    "_prefab": {
      "__id__": 78
    },
    "_id": "86JdMlTGFOxrC76yt7GQtt",
    "_opacity": 255,
    "_color": {
      "__type__": "cc.Color",
      "r": 255,
      "g": 255,
      "b": 255,
      "a": 255
    },
    "_cascadeOpacityEnabled": true,
    "_anchorPoint": {
      "__type__": "cc.Vec2",
      "x": 0.5,
      "y": 0.5
    },
    "_contentSize": {
      "__type__": "cc.Size",
      "width": 0,
      "height": 80
    },
    "_rotationX": 0,
    "_rotationY": 0,
    "_scaleX": 1,
    "_scaleY": 1,
    "_position": {
      "__type__": "cc.Vec2",
      "x": 0,
      "y": 48
    },
    "_skewX": 0,
    "_skewY": 0,
    "_localZOrder": 0,
    "_globalZOrder": 0,
    "_opacityModifyRGB": false,
    "groupIndex": 0
  },
  {
    "__type__": "cc.Label",
    "_name": "",
    "_objFlags": 0,
    "node": {
      "__id__": 76
    },
    "_enabled": true,
    "_useOriginalSize": false,
    "_actualFontSize": 28,
    "_fontSize": 28,
    "_lineHeight": 40,
    "_enableWrapText": true,
    "_N$file": null,
    "_isSystemFontUsed": true,
    "_spacingX": 0,
    "_N$string": "\n",
    "_N$horizontalAlign": 1,
    "_N$verticalAlign": 1,
    "_N$fontFamily": "Arial",
    "_N$overflow": 0
  },
  {
    "__type__": "cc.PrefabInfo",
    "root": {
      "__id__": 75
    },
    "asset": {
      "__uuid__": "c881d7fe-8c99-4a58-951c-f27ee4b7604f"
    },
    "fileId": "d1cddH/doRNQ4Aodz8556bh",
    "sync": false
  },
  {
    "__type__": "cc.Sprite",
    "_name": "",
    "_objFlags": 0,
    "node": {
      "__id__": 75
    },
    "_enabled": true,
    "_spriteFrame": {
      "__uuid__": "66074cac-8c82-4cf4-832e-89e924192e41"
    },
    "_type": 0,
    "_sizeMode": 1,
    "_fillType": 0,
    "_fillCenter": {
      "__type__": "cc.Vec2",
      "x": 0,
      "y": 0
    },
    "_fillStart": 0,
    "_fillRange": 0,
    "_isTrimmedMode": true,
    "_srcBlendFactor": 770,
    "_dstBlendFactor": 771,
    "_atlas": null
  },
  {
    "__type__": "43a1ckn0n1A3r3tKtDnWc/S",
    "_name": "",
    "_objFlags": 0,
    "node": {
      "__id__": 75
    },
    "_enabled": true
  },
  {
    "__type__": "cc.PolygonCollider",
    "_name": "",
    "_objFlags": 0,
    "node": {
      "__id__": 75
    },
    "_enabled": true,
    "tag": 0,
    "_offset": {
      "__type__": "cc.Vec2",
      "x": 0,
      "y": 0
    },
    "points": [
      {
        "__type__": "cc.Vec2",
        "x": 0,
        "y": -39
      },
      {
        "__type__": "cc.Vec2",
        "x": 57,
        "y": 5
      },
      {
        "__type__": "cc.Vec2",
        "x": 37,
        "y": 37
      },
      {
        "__type__": "cc.Vec2",
        "x": -38,
        "y": 38
      },
      {
        "__type__": "cc.Vec2",
        "x": -55,
        "y": 6
      }
    ]
  },
  {
    "__type__": "cc.PrefabInfo",
    "root": {
      "__id__": 75
    },
    "asset": {
      "__uuid__": "c881d7fe-8c99-4a58-951c-f27ee4b7604f"
    },
    "fileId": "c24ryEhStFK7jNmuph6YFV",
    "sync": false
  },
  {
    "__type__": "cc.Node",
    "_name": "rocker_r",
    "_objFlags": 0,
    "_parent": {
      "__id__": 3
    },
    "_children": [
      {
        "__id__": 84
      }
    ],
    "_tag": -1,
    "_active": true,
    "_components": [
      {
        "__id__": 86
      },
      {
        "__id__": 87
      }
    ],
    "_prefab": null,
    "_id": "f0mzUEFC1OrJvu5Fm3cSRN",
    "_opacity": 0,
    "_color": {
      "__type__": "cc.Color",
      "r": 255,
      "g": 255,
      "b": 255,
      "a": 255
    },
    "_cascadeOpacityEnabled": true,
    "_anchorPoint": {
      "__type__": "cc.Vec2",
      "x": 0.5,
      "y": 0.5
    },
    "_contentSize": {
      "__type__": "cc.Size",
      "width": 120,
      "height": 120
    },
    "_rotationX": 0,
    "_rotationY": 0,
    "_scaleX": 1,
    "_scaleY": 1,
    "_position": {
      "__type__": "cc.Vec2",
      "x": 160,
      "y": 160
    },
    "_skewX": 0,
    "_skewY": 0,
    "_localZOrder": 0,
    "_globalZOrder": 0,
    "_opacityModifyRGB": false,
    "groupIndex": 0
  },
  {
    "__type__": "cc.Node",
    "_name": "rocker_c",
    "_objFlags": 0,
    "_parent": {
      "__id__": 83
    },
    "_children": [],
    "_tag": -1,
    "_active": true,
    "_components": [
      {
        "__id__": 85
      }
    ],
    "_prefab": null,
    "_id": "f9J+5nzrlDAaIggAilrlbi",
    "_opacity": 255,
    "_color": {
      "__type__": "cc.Color",
      "r": 255,
      "g": 255,
      "b": 255,
      "a": 255
    },
    "_cascadeOpacityEnabled": true,
    "_anchorPoint": {
      "__type__": "cc.Vec2",
      "x": 0.5,
      "y": 0.5
    },
    "_contentSize": {
      "__type__": "cc.Size",
      "width": 64,
      "height": 64
    },
    "_rotationX": 0,
    "_rotationY": 0,
    "_scaleX": 1,
    "_scaleY": 1,
    "_position": {
      "__type__": "cc.Vec2",
      "x": 0,
      "y": 0
    },
    "_skewX": 0,
    "_skewY": 0,
    "_localZOrder": 0,
    "_globalZOrder": 0,
    "_opacityModifyRGB": false,
    "groupIndex": 0
  },
  {
    "__type__": "cc.Sprite",
    "_name": "",
    "_objFlags": 0,
    "node": {
      "__id__": 84
    },
    "_enabled": true,
    "_spriteFrame": {
      "__uuid__": "e1d3f6f0-c293-48c5-886b-d7bd6a5dc307"
    },
    "_type": 0,
    "_sizeMode": 0,
    "_fillType": 0,
    "_fillCenter": {
      "__type__": "cc.Vec2",
      "x": 0,
      "y": 0
    },
    "_fillStart": 0,
    "_fillRange": 0,
    "_isTrimmedMode": true,
    "_srcBlendFactor": 770,
    "_dstBlendFactor": 771,
    "_atlas": null
  },
  {
    "__type__": "cc.Sprite",
    "_name": "",
    "_objFlags": 0,
    "node": {
      "__id__": 83
    },
    "_enabled": true,
    "_spriteFrame": {
      "__uuid__": "27dd9627-c858-47cc-911c-2480f48b2a0d"
    },
    "_type": 0,
    "_sizeMode": 0,
    "_fillType": 0,
    "_fillCenter": {
      "__type__": "cc.Vec2",
      "x": 0,
      "y": 0
    },
    "_fillStart": 0,
    "_fillRange": 0,
    "_isTrimmedMode": true,
    "_srcBlendFactor": 770,
    "_dstBlendFactor": 771,
    "_atlas": null
  },
  {
    "__type__": "820b8igIcVBAryGjJk1tF+h",
    "_name": "",
    "_objFlags": 0,
    "node": {
      "__id__": 83
    },
    "_enabled": true,
    "body": {
      "__id__": 83
    },
    "heart": {
      "__id__": 84
    }
  },
  {
    "__type__": "cc.Sprite",
    "_name": "",
    "_objFlags": 0,
    "node": {
      "__id__": 3
    },
    "_enabled": true,
    "_spriteFrame": {
      "__uuid__": "9bbda31e-ad49-43c9-aaf2-f7d9896bac69"
    },
    "_type": 1,
    "_sizeMode": 0,
    "_fillType": 0,
    "_fillCenter": {
      "__type__": "cc.Vec2",
      "x": 0,
      "y": 0
    },
    "_fillStart": 0,
    "_fillRange": 0,
    "_isTrimmedMode": true,
    "_srcBlendFactor": 770,
    "_dstBlendFactor": 771,
    "_atlas": null
  },
  {
    "__type__": "cc.Layout",
    "_name": "",
    "_objFlags": 0,
    "node": {
      "__id__": 3
    },
    "_enabled": true,
    "_layoutSize": {
      "__type__": "cc.Size",
      "width": 960,
      "height": 640
    },
    "_resize": 0,
    "_N$layoutType": 0,
    "_N$padding": 0,
    "_N$cellSize": {
      "__type__": "cc.Size",
      "width": 40,
      "height": 40
    },
    "_N$startAxis": 0,
    "_N$paddingLeft": 0,
    "_N$paddingRight": 0,
    "_N$paddingTop": 0,
    "_N$paddingBottom": 0,
    "_N$spacingX": 0,
    "_N$spacingY": 0,
    "_N$verticalDirection": 1,
    "_N$horizontalDirection": 0
  },
  {
    "__type__": "48e61/p/jFPvZue0eSDHAKt",
    "_name": "",
    "_objFlags": 0,
    "node": {
      "__id__": 3
    },
    "_enabled": true,
    "alertText": {
      "__id__": 5
    },
    "mainPlayer": {
      "__uuid__": "42208f7b-6802-4b61-a78b-b458b699ca6d"
    },
    "friends": [
      {
        "__uuid__": "f1c1da74-cc35-4750-b5ee-ddd0529980df"
      },
      {
        "__uuid__": "b27d6d0c-eb27-4f06-ac17-8e7deed3d573"
      },
      {
        "__uuid__": "00ddc8e8-6159-4c5f-b6bb-24a827a70d23"
      },
      {
        "__uuid__": "c72d35ea-b778-4307-93dd-b774da166594"
      },
      {
        "__uuid__": "e96529c2-22d0-4675-841a-ca0b343467df"
      }
    ],
    "enemies": [
      {
        "__uuid__": "2126c0dd-7188-4645-a40d-f1d8a0289c70"
      },
      {
        "__uuid__": "9cd3eae2-967c-48f0-b273-5b9ba322b79c"
      },
      {
        "__uuid__": "0c36427b-bd1d-41b2-b32e-3bf5321e4e7f"
      },
      {
        "__uuid__": "560bf841-5d5d-4f5d-86e8-0c26dfbf13e4"
      },
      {
        "__uuid__": "c881d7fe-8c99-4a58-951c-f27ee4b7604f"
      }
    ],
    "friendFire": {
      "__uuid__": "d4b809db-36e7-4aff-b83c-42b525afc45a"
    },
    "enemyFire": {
      "__uuid__": "c30f477f-9579-4342-a756-7ecfe75e133a"
    },
    "rocker": {
      "__id__": 87
    }
  },
  {
    "__type__": "cc.Canvas",
    "_name": "",
    "_objFlags": 0,
    "node": {
      "__id__": 2
    },
    "_enabled": true,
    "_designResolution": {
      "__type__": "cc.Size",
      "width": 960,
      "height": 640
    },
    "_fitWidth": false,
    "_fitHeight": true
  }
]