[
  {
    "__type__": "cc.Prefab",
    "_name": "enemy_fire",
    "_objFlags": 0,
    "_rawFiles": null,
    "data": {
      "__id__": 1
    },
    "asyncLoadAssets": false
  },
  {
    "__type__": "cc.Node",
    "_name": "enemy_fire",
    "_objFlags": 0,
    "_parent": null,
    "_children": [],
    "_tag": -1,
    "_active": true,
    "_components": [
      {
        "__id__": 2
      },
      {
        "__id__": 3
      },
      {
        "__id__": 4
      }
    ],
    "_prefab": {
      "__id__": 5
    },
    "_id": "",
    "_opacity": 255,
    "_color": {
      "__type__": "cc.Color",
      "r": 255,
      "g": 255,
      "b": 255,
      "a": 255
    },
    "_cascadeOpacityEnabled": true,
    "_anchorPoint": {
      "__type__": "cc.Vec2",
      "x": 0.5,
      "y": 0.5
    },
    "_contentSize": {
      "__type__": "cc.Size",
      "width": 9,
      "height": 54
    },
    "_rotationX": 0,
    "_rotationY": 0,
    "_scaleX": 1,
    "_scaleY": 1,
    "_position": {
      "__type__": "cc.Vec2",
      "x": 703,
      "y": 531
    },
    "_skewX": 0,
    "_skewY": 0,
    "_localZOrder": 0,
    "_globalZOrder": 0,
    "_opacityModifyRGB": false,
    "groupIndex": 2
  },
  {
    "__type__": "cc.Sprite",
    "_name": "",
    "_objFlags": 0,
    "node": {
      "__id__": 1
    },
    "_enabled": true,
    "_spriteFrame": {
      "__uuid__": "e44e76cc-9905-4197-ad1b-efb2dc9a658b"
    },
    "_type": 0,
    "_sizeMode": 1,
    "_fillType": 0,
    "_fillCenter": {
      "__type__": "cc.Vec2",
      "x": 0,
      "y": 0
    },
    "_fillStart": 0,
    "_fillRange": 0,
    "_isTrimmedMode": true,
    "_srcBlendFactor": 770,
    "_dstBlendFactor": 771,
    "_atlas": null
  },
  {
    "__type__": "fb57crf0LRD14ly3oMdcEtE",
    "_name": "",
    "_objFlags": 0,
    "node": {
      "__id__": 1
    },
    "_enabled": true,
    "crossYCostMillSec": -3000
  },
  {
    "__type__": "cc.BoxCollider",
    "_name": "",
    "_objFlags": 0,
    "node": {
      "__id__": 1
    },
    "_enabled": true,
    "tag": 0,
    "_offset": {
      "__type__": "cc.Vec2",
      "x": 0,
      "y": 0
    },
    "_size": {
      "__type__": "cc.Size",
      "width": 9,
      "height": 54
    }
  },
  {
    "__type__": "cc.PrefabInfo",
    "root": {
      "__id__": 1
    },
    "asset": {
      "__uuid__": "c30f477f-9579-4342-a756-7ecfe75e133a"
    },
    "fileId": "73bYfvCxJCZ5CUeXPE8pJt",
    "sync": false
  }
]