[
  {
    "__type__": "cc.SceneAsset",
    "_name": "Room",
    "_objFlags": 0,
    "_rawFiles": null,
    "scene": {
      "__id__": 1
    },
    "asyncLoadAssets": false
  },
  {
    "__type__": "cc.Scene",
    "_objFlags": 0,
    "_parent": null,
    "_children": [
      {
        "__id__": 2
      }
    ],
    "_tag": -1,
    "_active": true,
    "_components": [],
    "_prefab": null,
    "_id": "89f99b98-3fba-4add-bdc9-3d868e0c0d58",
    "_opacity": 255,
    "_color": {
      "__type__": "cc.Color",
      "r": 255,
      "g": 255,
      "b": 255,
      "a": 255
    },
    "_cascadeOpacityEnabled": true,
    "_anchorPoint": {
      "__type__": "cc.Vec2",
      "x": 0,
      "y": 0
    },
    "_contentSize": {
      "__type__": "cc.Size",
      "width": 0,
      "height": 0
    },
    "_localZOrder": 0,
    "_globalZOrder": 0,
    "_opacityModifyRGB": false,
    "groupIndex": 0,
    "autoReleaseAssets": false
  },
  {
    "__type__": "cc.Node",
    "_name": "Canvas",
    "_objFlags": 0,
    "_parent": {
      "__id__": 1
    },
    "_children": [
      {
        "__id__": 3
      }
    ],
    "_tag": -1,
    "_active": true,
    "_components": [
      {
        "__id__": 34
      }
    ],
    "_prefab": null,
    "_id": "55KwdufPtNY4IKFo6I0EDv",
    "_opacity": 255,
    "_color": {
      "__type__": "cc.Color",
      "r": 255,
      "g": 255,
      "b": 255,
      "a": 255
    },
    "_cascadeOpacityEnabled": true,
    "_anchorPoint": {
      "__type__": "cc.Vec2",
      "x": 0.5,
      "y": 0.5
    },
    "_contentSize": {
      "__type__": "cc.Size",
      "width": 960,
      "height": 640
    },
    "_rotationX": 0,
    "_rotationY": 0,
    "_scaleX": 1,
    "_scaleY": 1,
    "_position": {
      "__type__": "cc.Vec2",
      "x": 480,
      "y": 320
    },
    "_skewX": 0,
    "_skewY": 0,
    "_localZOrder": 0,
    "_globalZOrder": 0,
    "_opacityModifyRGB": false,
    "groupIndex": 0
  },
  {
    "__type__": "cc.Node",
    "_name": "BaseLayout",
    "_objFlags": 0,
    "_parent": {
      "__id__": 2
    },
    "_children": [
      {
        "__id__": 4
      },
      {
        "__id__": 6
      },
      {
        "__id__": 19
      },
      {
        "__id__": 25
      }
    ],
    "_tag": -1,
    "_active": true,
    "_components": [
      {
        "__id__": 31
      },
      {
        "__id__": 32
      },
      {
        "__id__": 33
      }
    ],
    "_prefab": null,
    "_id": "3eTTBJMqNIap7XlI6Rqm6/",
    "_opacity": 255,
    "_color": {
      "__type__": "cc.Color",
      "r": 0,
      "g": 0,
      "b": 0,
      "a": 255
    },
    "_cascadeOpacityEnabled": true,
    "_anchorPoint": {
      "__type__": "cc.Vec2",
      "x": 0,
      "y": 0
    },
    "_contentSize": {
      "__type__": "cc.Size",
      "width": 960,
      "height": 640
    },
    "_rotationX": 0,
    "_rotationY": 0,
    "_scaleX": 1,
    "_scaleY": 1,
    "_position": {
      "__type__": "cc.Vec2",
      "x": -480,
      "y": -320
    },
    "_skewX": 0,
    "_skewY": 0,
    "_localZOrder": 0,
    "_globalZOrder": 0,
    "_opacityModifyRGB": false,
    "groupIndex": 0
  },
  {
    "__type__": "cc.Node",
    "_name": "Alert",
    "_objFlags": 0,
    "_parent": {
      "__id__": 3
    },
    "_children": [],
    "_tag": -1,
    "_active": true,
    "_components": [
      {
        "__id__": 5
      }
    ],
    "_prefab": null,
    "_id": "9dR8galsVNBoqPiYJJYngA",
    "_opacity": 255,
    "_color": {
      "__type__": "cc.Color",
      "r": 255,
      "g": 255,
      "b": 255,
      "a": 255
    },
    "_cascadeOpacityEnabled": true,
    "_anchorPoint": {
      "__type__": "cc.Vec2",
      "x": 0.5,
      "y": 0.5
    },
    "_contentSize": {
      "__type__": "cc.Size",
      "width": 82,
      "height": 40
    },
    "_rotationX": 0,
    "_rotationY": 0,
    "_scaleX": 1,
    "_scaleY": 1,
    "_position": {
      "__type__": "cc.Vec2",
      "x": 480,
      "y": 170
    },
    "_skewX": 0,
    "_skewY": 0,
    "_localZOrder": 0,
    "_globalZOrder": 0,
    "_opacityModifyRGB": false,
    "groupIndex": 0
  },
  {
    "__type__": "cc.Label",
    "_name": "",
    "_objFlags": 0,
    "node": {
      "__id__": 4
    },
    "_enabled": true,
    "_useOriginalSize": false,
    "_actualFontSize": 40,
    "_fontSize": 40,
    "_lineHeight": 40,
    "_enableWrapText": true,
    "_N$file": null,
    "_isSystemFontUsed": true,
    "_spacingX": 0,
    "_N$string": "Alert",
    "_N$horizontalAlign": 1,
    "_N$verticalAlign": 1,
    "_N$fontFamily": "Arial",
    "_N$overflow": 0
  },
  {
    "__type__": "cc.Node",
    "_name": "UserScroll",
    "_objFlags": 0,
    "_parent": {
      "__id__": 3
    },
    "_children": [
      {
        "__id__": 7
      },
      {
        "__id__": 13
      }
    ],
    "_tag": -1,
    "_active": true,
    "_components": [
      {
        "__id__": 18
      },
      {
        "__id__": 11
      }
    ],
    "_prefab": null,
    "_id": "f2gkRGzrdIyY+C5DEi/Iee",
    "_opacity": 255,
    "_color": {
      "__type__": "cc.Color",
      "r": 204,
      "g": 204,
      "b": 204,
      "a": 255
    },
    "_cascadeOpacityEnabled": true,
    "_anchorPoint": {
      "__type__": "cc.Vec2",
      "x": 0.5,
      "y": 0.5
    },
    "_contentSize": {
      "__type__": "cc.Size",
      "width": 617,
      "height": 351
    },
    "_rotationX": 0,
    "_rotationY": 0,
    "_scaleX": 1,
    "_scaleY": 1,
    "_position": {
      "__type__": "cc.Vec2",
      "x": 480,
      "y": 396
    },
    "_skewX": 0,
    "_skewY": 0,
    "_localZOrder": 0,
    "_globalZOrder": 0,
    "_opacityModifyRGB": false,
    "groupIndex": 0
  },
  {
    "__type__": "cc.Node",
    "_name": "scrollBar",
    "_objFlags": 0,
    "_parent": {
      "__id__": 6
    },
    "_children": [
      {
        "__id__": 8
      }
    ],
    "_tag": -1,
    "_active": true,
    "_components": [
      {
        "__id__": 10
      },
      {
        "__id__": 16
      },
      {
        "__id__": 17
      }
    ],
    "_prefab": null,
    "_id": "34EIdGLFdHBrNPgOcTDwYJ",
    "_opacity": 255,
    "_color": {
      "__type__": "cc.Color",
      "r": 238,
      "g": 217,
      "b": 227,
      "a": 255
    },
    "_cascadeOpacityEnabled": true,
    "_anchorPoint": {
      "__type__": "cc.Vec2",
      "x": 1,
      "y": 0.5
    },
    "_contentSize": {
      "__type__": "cc.Size",
      "width": 12,
      "height": 351
    },
    "_rotationX": 0,
    "_rotationY": 0,
    "_scaleX": 1,
    "_scaleY": 1,
    "_position": {
      "__type__": "cc.Vec2",
      "x": 308.5,
      "y": 0
    },
    "_skewX": 0,
    "_skewY": 0,
    "_localZOrder": 0,
    "_globalZOrder": 0,
    "_opacityModifyRGB": false,
    "groupIndex": 0
  },
  {
    "__type__": "cc.Node",
    "_name": "bar",
    "_objFlags": 0,
    "_parent": {
      "__id__": 7
    },
    "_children": [],
    "_tag": -1,
    "_active": true,
    "_components": [
      {
        "__id__": 9
      }
    ],
    "_prefab": null,
    "_id": "7e1zHfRm9IlZ8Lzu3XZOYE",
    "_opacity": 255,
    "_color": {
      "__type__": "cc.Color",
      "r": 236,
      "g": 241,
      "b": 245,
      "a": 255
    },
    "_cascadeOpacityEnabled": true,
    "_anchorPoint": {
      "__type__": "cc.Vec2",
      "x": 1,
      "y": 0
    },
    "_contentSize": {
      "__type__": "cc.Size",
      "width": 10,
      "height": 30
    },
    "_rotationX": 0,
    "_rotationY": 0,
    "_scaleX": 1,
    "_scaleY": 1,
    "_position": {
      "__type__": "cc.Vec2",
      "x": -1,
      "y": 0
    },
    "_skewX": 0,
    "_skewY": 0,
    "_localZOrder": 0,
    "_globalZOrder": 0,
    "_opacityModifyRGB": false,
    "groupIndex": 0
  },
  {
    "__type__": "cc.Sprite",
    "_name": "",
    "_objFlags": 0,
    "node": {
      "__id__": 8
    },
    "_enabled": true,
    "_spriteFrame": {
      "__uuid__": "5c3bb932-6c3c-468f-88a9-c8c61d458641"
    },
    "_type": 1,
    "_sizeMode": 0,
    "_fillType": 0,
    "_fillCenter": {
      "__type__": "cc.Vec2",
      "x": 0,
      "y": 0
    },
    "_fillStart": 0,
    "_fillRange": 0,
    "_isTrimmedMode": true,
    "_srcBlendFactor": 770,
    "_dstBlendFactor": 771,
    "_atlas": null
  },
  {
    "__type__": "cc.Scrollbar",
    "_name": "",
    "_objFlags": 0,
    "node": {
      "__id__": 7
    },
    "_enabled": true,
    "_scrollView": {
      "__id__": 11
    },
    "_touching": false,
    "_opacity": 255,
    "enableAutoHide": true,
    "autoHideTime": 1,
    "_N$handle": {
      "__id__": 9
    },
    "_N$direction": 1
  },
  {
    "__type__": "cc.ScrollView",
    "_name": "",
    "_objFlags": 0,
    "node": {
      "__id__": 6
    },
    "_enabled": true,
    "content": {
      "__id__": 12
    },
    "horizontal": false,
    "vertical": true,
    "inertia": true,
    "brake": 0.75,
    "elastic": true,
    "bounceDuration": 0.23,
    "scrollEvents": [],
    "cancelInnerEvents": true,
    "_N$horizontalScrollBar": null,
    "_N$verticalScrollBar": {
      "__id__": 10
    }
  },
  {
    "__type__": "cc.Node",
    "_name": "content",
    "_objFlags": 0,
    "_parent": {
      "__id__": 13
    },
    "_children": [],
    "_tag": -1,
    "_active": true,
    "_components": [
      {
        "__id__": 15
      }
    ],
    "_prefab": null,
    "_id": "c2Lt2mu75Nh5/152MKoAMC",
    "_opacity": 255,
    "_color": {
      "__type__": "cc.Color",
      "r": 255,
      "g": 255,
      "b": 255,
      "a": 255
    },
    "_cascadeOpacityEnabled": true,
    "_anchorPoint": {
      "__type__": "cc.Vec2",
      "x": 0,
      "y": 1
    },
    "_contentSize": {
      "__type__": "cc.Size",
      "width": 590,
      "height": 500
    },
    "_rotationX": 0,
    "_rotationY": 0,
    "_scaleX": 1,
    "_scaleY": 1,
    "_position": {
      "__type__": "cc.Vec2",
      "x": -761,
      "y": 281
    },
    "_skewX": 0,
    "_skewY": 0,
    "_localZOrder": 0,
    "_globalZOrder": 0,
    "_opacityModifyRGB": false,
    "groupIndex": 0
  },
  {
    "__type__": "cc.Node",
    "_name": "view",
    "_objFlags": 0,
    "_parent": {
      "__id__": 6
    },
    "_children": [
      {
        "__id__": 12
      }
    ],
    "_tag": -1,
    "_active": true,
    "_components": [
      {
        "__id__": 14
      }
    ],
    "_prefab": null,
    "_id": "15lptTv/dP/abeH7fTzZDJ",
    "_opacity": 255,
    "_color": {
      "__type__": "cc.Color",
      "r": 255,
      "g": 255,
      "b": 255,
      "a": 255
    },
    "_cascadeOpacityEnabled": true,
    "_anchorPoint": {
      "__type__": "cc.Vec2",
      "x": 1.275372023809524,
      "y": 0.1606607142857142
    },
    "_contentSize": {
      "__type__": "cc.Size",
      "width": 601,
      "height": 349
    },
    "_rotationX": 0,
    "_rotationY": 0,
    "_scaleX": 1,
    "_scaleY": 1,
    "_position": {
      "__type__": "cc.Vec2",
      "x": 461,
      "y": -115
    },
    "_skewX": 0,
    "_skewY": 0,
    "_localZOrder": 0,
    "_globalZOrder": 0,
    "_opacityModifyRGB": false,
    "groupIndex": 0
  },
  {
    "__type__": "cc.Mask",
    "_name": "",
    "_objFlags": 0,
    "node": {
      "__id__": 13
    },
    "_enabled": true,
    "_type": 0,
    "_segements": 64,
    "_N$spriteFrame": null,
    "_N$alphaThreshold": 1,
    "_N$inverted": false
  },
  {
    "__type__": "cc.Layout",
    "_name": "",
    "_objFlags": 0,
    "node": {
      "__id__": 12
    },
    "_enabled": true,
    "_layoutSize": {
      "__type__": "cc.Size",
      "width": 590,
      "height": 500
    },
    "_resize": 0,
    "_N$layoutType": 2,
    "_N$padding": 0,
    "_N$cellSize": {
      "__type__": "cc.Size",
      "width": 40,
      "height": 40
    },
    "_N$startAxis": 0,
    "_N$paddingLeft": 0,
    "_N$paddingRight": 0,
    "_N$paddingTop": 16,
    "_N$paddingBottom": 16,
    "_N$spacingX": 0,
    "_N$spacingY": 8,
    "_N$verticalDirection": 1,
    "_N$horizontalDirection": 0
  },
  {
    "__type__": "cc.Widget",
    "_name": "",
    "_objFlags": 0,
    "node": {
      "__id__": 7
    },
    "_enabled": true,
    "isAlignOnce": true,
    "_target": null,
    "_alignFlags": 37,
    "_left": 350.07654921020657,
    "_right": 0,
    "_top": 0,
    "_bottom": 0,
    "_verticalCenter": 0,
    "_horizontalCenter": 0,
    "_isAbsLeft": true,
    "_isAbsRight": true,
    "_isAbsTop": true,
    "_isAbsBottom": true,
    "_isAbsHorizontalCenter": true,
    "_isAbsVerticalCenter": true,
    "_originalWidth": 0,
    "_originalHeight": 237
  },
  {
    "__type__": "cc.Sprite",
    "_name": "",
    "_objFlags": 0,
    "node": {
      "__id__": 7
    },
    "_enabled": true,
    "_spriteFrame": {
      "__uuid__": "5fe5dcaa-b513-4dc5-a166-573627b3a159"
    },
    "_type": 1,
    "_sizeMode": 0,
    "_fillType": 0,
    "_fillCenter": {
      "__type__": "cc.Vec2",
      "x": 0,
      "y": 0
    },
    "_fillStart": 0,
    "_fillRange": 0,
    "_isTrimmedMode": true,
    "_srcBlendFactor": 770,
    "_dstBlendFactor": 771,
    "_atlas": null
  },
  {
    "__type__": "cc.Sprite",
    "_name": "",
    "_objFlags": 0,
    "node": {
      "__id__": 6
    },
    "_enabled": true,
    "_spriteFrame": {
      "__uuid__": "9bbda31e-ad49-43c9-aaf2-f7d9896bac69"
    },
    "_type": 1,
    "_sizeMode": 0,
    "_fillType": 0,
    "_fillCenter": {
      "__type__": "cc.Vec2",
      "x": 0,
      "y": 0
    },
    "_fillStart": 0,
    "_fillRange": 0,
    "_isTrimmedMode": true,
    "_srcBlendFactor": 770,
    "_dstBlendFactor": 771,
    "_atlas": null
  },
  {
    "__type__": "cc.Node",
    "_name": "Ready",
    "_objFlags": 0,
    "_parent": {
      "__id__": 3
    },
    "_children": [
      {
        "__id__": 20
      }
    ],
    "_tag": -1,
    "_active": true,
    "_components": [
      {
        "__id__": 22
      },
      {
        "__id__": 23
      }
    ],
    "_prefab": null,
    "_id": "5fVILmfrpIv7vYowaYlmUt",
    "_opacity": 255,
    "_color": {
      "__type__": "cc.Color",
      "r": 255,
      "g": 255,
      "b": 255,
      "a": 255
    },
    "_cascadeOpacityEnabled": true,
    "_anchorPoint": {
      "__type__": "cc.Vec2",
      "x": 0.5,
      "y": 0.5
    },
    "_contentSize": {
      "__type__": "cc.Size",
      "width": 100,
      "height": 40
    },
    "_rotationX": 0,
    "_rotationY": 0,
    "_scaleX": 1,
    "_scaleY": 1,
    "_position": {
      "__type__": "cc.Vec2",
      "x": 390,
      "y": 88
    },
    "_skewX": 0,
    "_skewY": 0,
    "_localZOrder": 0,
    "_globalZOrder": 0,
    "_opacityModifyRGB": false,
    "groupIndex": 0
  },
  {
    "__type__": "cc.Node",
    "_name": "Label",
    "_objFlags": 0,
    "_parent": {
      "__id__": 19
    },
    "_children": [],
    "_tag": -1,
    "_active": true,
    "_components": [
      {
        "__id__": 21
      }
    ],
    "_prefab": null,
    "_id": "1agk20xZlBiaIAW6dnxW2G",
    "_opacity": 255,
    "_color": {
      "__type__": "cc.Color",
      "r": 0,
      "g": 0,
      "b": 0,
      "a": 255
    },
    "_cascadeOpacityEnabled": true,
    "_anchorPoint": {
      "__type__": "cc.Vec2",
      "x": 0.5,
      "y": 0.5
    },
    "_contentSize": {
      "__type__": "cc.Size",
      "width": 100,
      "height": 40
    },
    "_rotationX": 0,
    "_rotationY": 0,
    "_scaleX": 1,
    "_scaleY": 1,
    "_position": {
      "__type__": "cc.Vec2",
      "x": 0,
      "y": 0
    },
    "_skewX": 0,
    "_skewY": 0,
    "_localZOrder": 0,
    "_globalZOrder": 0,
    "_opacityModifyRGB": false,
    "groupIndex": 0
  },
  {
    "__type__": "cc.Label",
    "_name": "",
    "_objFlags": 0,
    "node": {
      "__id__": 20
    },
    "_enabled": true,
    "_useOriginalSize": false,
    "_actualFontSize": 20,
    "_fontSize": 20,
    "_lineHeight": 40,
    "_enableWrapText": false,
    "_N$file": null,
    "_isSystemFontUsed": true,
    "_spacingX": 0,
    "_N$string": "准备",
    "_N$horizontalAlign": 1,
    "_N$verticalAlign": 1,
    "_N$fontFamily": "Arial",
    "_N$overflow": 1
  },
  {
    "__type__": "cc.Sprite",
    "_name": "",
    "_objFlags": 0,
    "node": {
      "__id__": 19
    },
    "_enabled": true,
    "_spriteFrame": {
      "__uuid__": "f0048c10-f03e-4c97-b9d3-3506e1d58952"
    },
    "_type": 1,
    "_sizeMode": 0,
    "_fillType": 0,
    "_fillCenter": {
      "__type__": "cc.Vec2",
      "x": 0,
      "y": 0
    },
    "_fillStart": 0,
    "_fillRange": 0,
    "_isTrimmedMode": true,
    "_srcBlendFactor": 770,
    "_dstBlendFactor": 771,
    "_atlas": null
  },
  {
    "__type__": "cc.Button",
    "_name": "",
    "_objFlags": 0,
    "node": {
      "__id__": 19
    },
    "_enabled": true,
    "transition": 2,
    "pressedColor": {
      "__type__": "cc.Color",
      "r": 255,
      "g": 255,
      "b": 255,
      "a": 255
    },
    "hoverColor": {
      "__type__": "cc.Color",
      "r": 255,
      "g": 255,
      "b": 255,
      "a": 255
    },
    "duration": 0.1,
    "zoomScale": 1.2,
    "clickEvents": [
      {
        "__id__": 24
      }
    ],
    "_N$interactable": true,
    "_N$enableAutoGrayEffect": false,
    "_N$normalColor": {
      "__type__": "cc.Color",
      "r": 255,
      "g": 255,
      "b": 255,
      "a": 255
    },
    "_N$disabledColor": {
      "__type__": "cc.Color",
      "r": 255,
      "g": 255,
      "b": 255,
      "a": 255
    },
    "_N$normalSprite": {
      "__uuid__": "f0048c10-f03e-4c97-b9d3-3506e1d58952"
    },
    "_N$pressedSprite": {
      "__uuid__": "e9ec654c-97a2-4787-9325-e6a10375219a"
    },
    "pressedSprite": {
      "__uuid__": "e9ec654c-97a2-4787-9325-e6a10375219a"
    },
    "_N$hoverSprite": {
      "__uuid__": "e9ec654c-97a2-4787-9325-e6a10375219a"
    },
    "hoverSprite": {
      "__uuid__": "e9ec654c-97a2-4787-9325-e6a10375219a"
    },
    "_N$disabledSprite": {
      "__uuid__": "29158224-f8dd-4661-a796-1ffab537140e"
    },
    "_N$target": {
      "__id__": 19
    }
  },
  {
    "__type__": "cc.ClickEvent",
    "target": {
      "__id__": 3
    },
    "component": "Room",
    "handler": "doReady",
    "customEventData": ""
  },
  {
    "__type__": "cc.Node",
    "_name": "Quit",
    "_objFlags": 0,
    "_parent": {
      "__id__": 3
    },
    "_children": [
      {
        "__id__": 26
      }
    ],
    "_tag": -1,
    "_active": true,
    "_components": [
      {
        "__id__": 28
      },
      {
        "__id__": 29
      }
    ],
    "_prefab": null,
    "_id": "34mXm9yZVE3JPVH4unrx3m",
    "_opacity": 255,
    "_color": {
      "__type__": "cc.Color",
      "r": 255,
      "g": 255,
      "b": 255,
      "a": 255
    },
    "_cascadeOpacityEnabled": true,
    "_anchorPoint": {
      "__type__": "cc.Vec2",
      "x": 0.5,
      "y": 0.5
    },
    "_contentSize": {
      "__type__": "cc.Size",
      "width": 100,
      "height": 40
    },
    "_rotationX": 0,
    "_rotationY": 0,
    "_scaleX": 1,
    "_scaleY": 1,
    "_position": {
      "__type__": "cc.Vec2",
      "x": 570,
      "y": 88
    },
    "_skewX": 0,
    "_skewY": 0,
    "_localZOrder": 0,
    "_globalZOrder": 0,
    "_opacityModifyRGB": false,
    "groupIndex": 0
  },
  {
    "__type__": "cc.Node",
    "_name": "Label",
    "_objFlags": 0,
    "_parent": {
      "__id__": 25
    },
    "_children": [],
    "_tag": -1,
    "_active": true,
    "_components": [
      {
        "__id__": 27
      }
    ],
    "_prefab": null,
    "_id": "2fhXEyrqVKy5isMqNXh7sQ",
    "_opacity": 255,
    "_color": {
      "__type__": "cc.Color",
      "r": 0,
      "g": 0,
      "b": 0,
      "a": 255
    },
    "_cascadeOpacityEnabled": true,
    "_anchorPoint": {
      "__type__": "cc.Vec2",
      "x": 0.5,
      "y": 0.5
    },
    "_contentSize": {
      "__type__": "cc.Size",
      "width": 100,
      "height": 40
    },
    "_rotationX": 0,
    "_rotationY": 0,
    "_scaleX": 1,
    "_scaleY": 1,
    "_position": {
      "__type__": "cc.Vec2",
      "x": 0,
      "y": 0
    },
    "_skewX": 0,
    "_skewY": 0,
    "_localZOrder": 0,
    "_globalZOrder": 0,
    "_opacityModifyRGB": false,
    "groupIndex": 0
  },
  {
    "__type__": "cc.Label",
    "_name": "",
    "_objFlags": 0,
    "node": {
      "__id__": 26
    },
    "_enabled": true,
    "_useOriginalSize": false,
    "_actualFontSize": 20,
    "_fontSize": 20,
    "_lineHeight": 40,
    "_enableWrapText": false,
    "_N$file": null,
    "_isSystemFontUsed": true,
    "_spacingX": 0,
    "_N$string": "退出",
    "_N$horizontalAlign": 1,
    "_N$verticalAlign": 1,
    "_N$fontFamily": "Arial",
    "_N$overflow": 1
  },
  {
    "__type__": "cc.Sprite",
    "_name": "",
    "_objFlags": 0,
    "node": {
      "__id__": 25
    },
    "_enabled": true,
    "_spriteFrame": {
      "__uuid__": "f0048c10-f03e-4c97-b9d3-3506e1d58952"
    },
    "_type": 1,
    "_sizeMode": 0,
    "_fillType": 0,
    "_fillCenter": {
      "__type__": "cc.Vec2",
      "x": 0,
      "y": 0
    },
    "_fillStart": 0,
    "_fillRange": 0,
    "_isTrimmedMode": true,
    "_srcBlendFactor": 770,
    "_dstBlendFactor": 771,
    "_atlas": null
  },
  {
    "__type__": "cc.Button",
    "_name": "",
    "_objFlags": 0,
    "node": {
      "__id__": 25
    },
    "_enabled": true,
    "transition": 2,
    "pressedColor": {
      "__type__": "cc.Color",
      "r": 255,
      "g": 255,
      "b": 255,
      "a": 255
    },
    "hoverColor": {
      "__type__": "cc.Color",
      "r": 255,
      "g": 255,
      "b": 255,
      "a": 255
    },
    "duration": 0.1,
    "zoomScale": 1.2,
    "clickEvents": [
      {
        "__id__": 30
      }
    ],
    "_N$interactable": true,
    "_N$enableAutoGrayEffect": false,
    "_N$normalColor": {
      "__type__": "cc.Color",
      "r": 255,
      "g": 255,
      "b": 255,
      "a": 255
    },
    "_N$disabledColor": {
      "__type__": "cc.Color",
      "r": 255,
      "g": 255,
      "b": 255,
      "a": 255
    },
    "_N$normalSprite": {
      "__uuid__": "f0048c10-f03e-4c97-b9d3-3506e1d58952"
    },
    "_N$pressedSprite": {
      "__uuid__": "e9ec654c-97a2-4787-9325-e6a10375219a"
    },
    "pressedSprite": {
      "__uuid__": "e9ec654c-97a2-4787-9325-e6a10375219a"
    },
    "_N$hoverSprite": {
      "__uuid__": "e9ec654c-97a2-4787-9325-e6a10375219a"
    },
    "hoverSprite": {
      "__uuid__": "e9ec654c-97a2-4787-9325-e6a10375219a"
    },
    "_N$disabledSprite": {
      "__uuid__": "29158224-f8dd-4661-a796-1ffab537140e"
    },
    "_N$target": {
      "__id__": 25
    }
  },
  {
    "__type__": "cc.ClickEvent",
    "target": {
      "__id__": 3
    },
    "component": "Room",
    "handler": "doQuit",
    "customEventData": ""
  },
  {
    "__type__": "cc.Sprite",
    "_name": "",
    "_objFlags": 0,
    "node": {
      "__id__": 3
    },
    "_enabled": true,
    "_spriteFrame": {
      "__uuid__": "9bbda31e-ad49-43c9-aaf2-f7d9896bac69"
    },
    "_type": 1,
    "_sizeMode": 0,
    "_fillType": 0,
    "_fillCenter": {
      "__type__": "cc.Vec2",
      "x": 0,
      "y": 0
    },
    "_fillStart": 0,
    "_fillRange": 0,
    "_isTrimmedMode": true,
    "_srcBlendFactor": 770,
    "_dstBlendFactor": 771,
    "_atlas": null
  },
  {
    "__type__": "cc.Layout",
    "_name": "",
    "_objFlags": 0,
    "node": {
      "__id__": 3
    },
    "_enabled": true,
    "_layoutSize": {
      "__type__": "cc.Size",
      "width": 960,
      "height": 640
    },
    "_resize": 0,
    "_N$layoutType": 0,
    "_N$padding": 0,
    "_N$cellSize": {
      "__type__": "cc.Size",
      "width": 40,
      "height": 40
    },
    "_N$startAxis": 0,
    "_N$paddingLeft": 0,
    "_N$paddingRight": 0,
    "_N$paddingTop": 0,
    "_N$paddingBottom": 0,
    "_N$spacingX": 0,
    "_N$spacingY": 0,
    "_N$verticalDirection": 1,
    "_N$horizontalDirection": 0
  },
  {
    "__type__": "65d0cGWrBtGqZXMwS/kFcU4",
    "_name": "",
    "_objFlags": 0,
    "node": {
      "__id__": 3
    },
    "_enabled": true,
    "ItemNode": {
      "__uuid__": "7cf18a62-c711-41af-ba3f-2612a70b8785"
    },
    "ItemContent": {
      "__id__": 12
    },
    "AlertText": {
      "__id__": 5
    }
  },
  {
    "__type__": "cc.Canvas",
    "_name": "",
    "_objFlags": 0,
    "node": {
      "__id__": 2
    },
    "_enabled": true,
    "_designResolution": {
      "__type__": "cc.Size",
      "width": 960,
      "height": 640
    },
    "_fitWidth": false,
    "_fitHeight": true
  }
]