{
  "appKey": "",
  "appSecret": "",
  "encryptJs": true,
  "excludeScenes": [],
  "fb-instant-games": {},
  "includeAnySDK": false,
  "includeSDKBox": false,
  "inlineSpriteFrames": true,
  "inlineSpriteFrames_native": true,
  "jailbreakPlatform": false,
  "md5Cache": false,
  "mergeStartScene": false,
  "oauthLoginServer": "",
  "optimizeHotUpdate": false,
  "orientation": {
    "landscapeLeft": true,
    "landscapeRight": true,
    "portrait": false,
    "upsideDown": false
  },
  "packageName": "org.cocos2d.start_project",
  "privateKey": "",
  "qqplay": {
    "orientation": "portrait"
  },
  "renderMode": "0",
  "startScene": "34d55d3f-039d-42cd-882f-f4e5ed965ff6",
  "title": "BgsDemo_Cocos",
  "webOrientation": "landscape",
  "wechatgame": {
    "appid": "wx6ac3f5090a6b99c5",
    "orientation": "portrait"
  },
  "xxteaKey": "d7dfb3b1-3576-4f",
  "zipCompressJs": true
}